book,n,status,shift,exact_share,stray,archived
zhongyicidian2058,3404,aligned,23224.0,1.0,0.0,0.0
zhongyicidian2059,3222,aligned,23224.0,1.0,0.0,1.0
mingcicidian,2834,rejected,-684.0,0.9898,4.0,0.0
zhongyicidian2056,2416,aligned,23224.0,1.0,0.0,0.0
fengshijinnangmilu,2395,aligned,24326.0,1.0,0.0,2395.0
zhongyicidian2053,2336,aligned,-639.0,1.0,0.0,0.0
yizongjinjian,2272,aligned,24326.0,1.0,0.0,2112.0
zhongyicidian2054,2088,aligned,23224.0,1.0,0.0,1.0
zhongyicidian2055,2006,aligned,23224.0,1.0,0.0,0.0
zhongyicidian2051,1866,aligned,-639.0,1.0,0.0,0.0
zhongyicidian2057,1847,aligned,23224.0,1.0,0.0,1.0
beijiqianjinyaofang549,1800,aligned,24326.0,1.0,0.0,1292.0
zhengleibencao,1786,aligned,24567.0,1.0,0.0,1628.0
zhongyicidian2052,1753,aligned,-639.0,1.0,0.0,1196.0
zhubingyuanhoulun,1738,aligned,25087.0,1.0,0.0,1.0
gujinyitongdaquan,1665,aligned,24326.0,1.0,0.0,758.0
mokejiatingzhenliaoshouce,1566,aligned,31249.0,1.0,0.0,1280.0
qixiaojianbianliangfang,1531,aligned,26589.0,1.0,0.0,6.0
shengjizonglu,1419,rejected,-643.0,0.9387,2.0,0.0
yangyidaquan,1332,aligned,24328.0,1.0,0.0,1332.0
bencaofenjing,1226,aligned,26589.0,1.0,0.0,1208.0
huatuoshenfang,1214,aligned,26483.0,1.0,0.0,3.0
qianjinyifang,1199,rejected,-675.0,0.9625,29.0,0.0
sanyinjiyibingzhengfanglun,1146,aligned,26285.0,1.0,0.0,268.0
yixuerumen,1123,aligned,24328.0,1.0,0.0,1123.0
waitaimiyao,1092,rejected,-677.0,0.9799,3.0,0.0
furendaquanliangfang,1025,aligned,25087.0,1.0,0.0,193.0
zhongyicidian2050,1018,aligned,-639.0,1.0,0.0,1.0
chayinbaojian,1011,aligned,-639.0,1.0,0.0,11.0
shizhaibaiyixuanfang,968,aligned,27831.0,1.0,0.0,968.0
xinxiubencao5330,961,aligned,22352.0,1.0,0.0,956.0
renshubianlan,912,aligned,26585.0,1.0,0.0,89.0
yifangkao,839,aligned,26480.0,1.0,0.0,72.0
qifangleibian,838,aligned,26589.0,1.0,0.0,3.0
taipinghuiminhejijufang,819,aligned,26286.0,1.0,0.0,21.0
chuanyaneiwaibian,813,aligned,32416.0,1.0,0.0,5.0
mingyibielu,791,aligned,26589.0,1.0,0.0,791.0
benjingfengyuan,769,aligned,26286.0,1.0,0.0,769.0
bencaogangmu,760,aligned,-684.0,1.0,0.0,760.0
yufangyixue,745,aligned,27831.0,1.0,0.0,144.0
yixuegangmu,744,aligned,24326.0,1.0,0.0,744.0
yishu,743,aligned,24567.0,1.0,0.0,136.0
rumenshiqin,726,aligned,26480.0,1.0,0.0,698.0
nvkejinglun,721,aligned,26585.0,1.0,0.0,1.0
bencaoyidu5557,718,aligned,24196.0,1.0,0.0,657.0
yaoxingqieyong,718,aligned,27561.0,1.0,0.0,718.0
bencaocongxin,715,aligned,26480.0,1.0,0.0,715.0
zhenjiudacheng,704,aligned,31250.0,1.0,0.0,171.0
jinkuixuanjie,683,aligned,32696.0,1.0,0.0,27.0
bencaocuoyao,663,aligned,27102.0,1.0,0.0,39.0
depeibencao,661,aligned,26586.0,1.0,0.0,661.0
yuanyundongdeguzhongyixue,651,aligned,31727.0,1.0,0.0,171.0
shiyongmianyixibaoyuhesuan,625,aligned,28346.0,1.0,0.0,98.0
shanghanxuanjie,619,aligned,32696.0,1.0,0.0,619.0
jiatingyixuebaike_yiliaokangfu,616,aligned,31417.0,1.0,0.0,561.0
rentijiepouxue,600,aligned,28346.0,1.0,0.0,600.0
yixuexinwu,591,aligned,26483.0,1.0,0.0,591.0
zhongyaoxue,581,aligned,-733.0,0.9983,1.0,580.0
bencaoqiuzhen,580,aligned,25087.0,1.0,0.0,580.0
youkezhengzhizhunsheng,576,aligned,24567.0,1.0,0.0,182.0
shenglixue,565,aligned,27831.0,1.0,0.0,565.0
yinshanzhengyao5200,551,aligned,22352.0,1.0,0.0,14.0
youyouxinshu,548,rejected,24326.0,0.969,2.0,0.0
yaolixue,542,aligned,27831.0,1.0,0.0,177.0
jingyuequanshu,537,rejected,-642.0,0.9497,2.0,0.0
yixuezhongzhongcanxilu,535,aligned,24567.0,1.0,0.0,528.0
pujifangzhenjiu,529,aligned,24577.0,1.0,0.0,484.0
zhangshiyitong,513,aligned,24567.0,1.0,0.0,510.0
diannanbencao,510,aligned,27831.0,1.0,0.0,510.0
chuanranbing,501,aligned,28346.0,1.0,0.0,501.0
baojianyaoshan,500,rejected,-679.0,0.988,2.0,0.0
jijiuguangshengji,494,aligned,26483.0,1.0,0.0,114.0
bencaojingjizhu5325,490,aligned,22352.0,1.0,0.0,490.0
bencaobeiyao5407,487,aligned,23469.0,1.0,0.0,487.0
bencaobiandu,482,aligned,26589.0,1.0,0.0,482.0
bencaoyanyi5403,475,aligned,23282.0,1.0,0.0,475.0
shanghanzabinglun512,473,aligned,-684.0,0.9979,1.0,33.0
zhenjiuxue,472,rejected,-723.0,0.9216,34.0,0.0
zhulinnvkezhengzhi,471,aligned,26586.0,1.0,0.0,471.0
mingyizhizhang,469,aligned,26480.0,1.0,0.0,101.0
bencaomengquan5555,464,aligned,24196.0,1.0,0.0,464.0
waikequanshengji,464,aligned,27103.0,1.0,0.0,18.0
shengwuhuaxueyufenzishengwuxue,461,aligned,27831.0,1.0,0.0,92.0
yixuezhaicui,461,aligned,26483.0,1.0,0.0,461.0
zengguanghejijufangyaoxingzonglun,461,aligned,26589.0,1.0,0.0,27.0
zhongyijibingyuce,448,aligned,-640.0,1.0,0.0,109.0
zhongguoyixuetongshi,435,aligned,29655.0,0.9954,1.0,433.0
yiyuanyaoxue,426,aligned,29032.0,1.0,0.0,48.0
zhenjiushenshu,426,aligned,27102.0,1.0,0.0,24.0
bencaochengyabanji,421,aligned,27831.0,1.0,0.0,421.0
waikelili,421,aligned,26483.0,1.0,0.0,421.0
mujingdacheng,414,aligned,26480.0,1.0,0.0,166.0
huishengji,407,aligned,27561.0,1.0,0.0,4.0
gusongyuanyijing,399,aligned,25087.0,1.0,0.0,96.0
jizhenyixue,399,aligned,28909.0,1.0,0.0,81.0
sunwenyuanyian,398,aligned,26483.0,1.0,0.0,398.0
binglixue,396,aligned,27831.0,1.0,0.0,107.0
leijing,394,aligned,24567.0,1.0,0.0,365.0
waikexinfayaojue,393,aligned,26286.0,1.0,0.0,14.0
leizhengzhicai,392,aligned,24577.0,1.0,0.0,120.0
shenjingjingshenjibingzhenduanxue,385,aligned,28346.0,1.0,0.0,364.0
zhongguoyoumenluoganjunyanjiu,384,aligned,27832.0,1.0,0.0,293.0
bencaozeyaogangmu,379,aligned,26589.0,1.0,0.0,379.0
shennongbencaojing,369,aligned,-684.0,1.0,0.0,369.0
yinshixuzhi,366,aligned,24326.0,1.0,0.0,7.0
bencaohaili,363,aligned,26589.0,1.0,0.0,363.0
bencaotujing,360,aligned,27831.0,1.0,0.0,360.0
bojifang,360,aligned,27831.0,1.0,0.0,360.0
yifanglun,360,aligned,27561.0,1.0,0.0,360.0
xumingyileian,359,aligned,24328.0,1.0,0.0,352.0
shoushibaoyuan,358,aligned,24577.0,1.0,0.0,201.0
shiyongzhongyaopaozhi,353,rejected,-639.0,0.9943,0.0,0.0
mingmuzhibao,352,aligned,27102.0,1.0,0.0,21.0
zhengyinmaizhi,351,aligned,26480.0,1.0,0.0,54.0
shiyandongwukexue,347,aligned,27831.0,1.0,0.0,22.0
waikeqixuan,337,aligned,26589.0,1.0,0.0,333.0
linchuangyingyangxue,336,aligned,28448.0,1.0,0.0,336.0
yixuexinlixue,336,aligned,28346.0,1.0,0.0,336.0
leigongpaozhilunyaoxingjie,334,aligned,-674.0,1.0,0.0,334.0
yixueweishengwuxue,333,aligned,27832.0,0.997,1.0,160.0
linchuangshengwuhuaxue,327,aligned,28448.0,1.0,0.0,327.0
yaolongxiaopin,322,aligned,32240.0,1.0,0.0,322.0
zhengzhizhunshengyangyi,317,aligned,24577.0,1.0,0.0,60.0
nvkezhengzhizhunsheng,315,aligned,27831.0,1.0,0.0,304.0
jiyingangmu,311,aligned,24577.0,1.0,0.0,296.0
yixuejicheng,311,aligned,31249.0,1.0,0.0,171.0
binglishenglixue,310,aligned,27831.0,1.0,0.0,310.0
shanghankuoyao,303,aligned,27831.0,1.0,0.0,146.0
yixuemianyixue,298,aligned,28346.0,1.0,0.0,68.0
zhonglaonianjibingfangzhi,297,aligned,31251.0,1.0,0.0,43.0
yibian,292,aligned,24577.0,1.0,0.0,220.0
xibaohefenzimianyixue,291,aligned,27831.0,1.0,0.0,60.0
yuqiuyaojie,291,aligned,32729.0,1.0,0.0,19.0
bencaochongyuan,289,rejected,26586.0,0.9931,1.0,0.0
bencaoxinbian,282,aligned,26285.0,1.0,0.0,282.0
tangyebencao5405,279,aligned,23282.0,1.0,0.0,279.0
zuzhixueyupeitaixue,275,aligned,28346.0,1.0,0.0,125.0
erkecuijing,274,aligned,26589.0,1.0,0.0,271.0
jinkuiyi,274,aligned,26585.0,1.0,0.0,44.0
leigongpaozhilun,271,aligned,-677.0,1.0,0.0,271.0
huayanzhengchangzhijiyiyi,270,aligned,-639.0,1.0,0.0,232.0
nvkebaojian,268,aligned,31454.0,1.0,0.0,72.0
wanshimichuanpianyuxinshu,267,aligned,27102.0,1.0,0.0,267.0
dongmaizhouyangyinghua,265,aligned,28448.0,1.0,0.0,258.0
shiliaobencao5399,264,aligned,23282.0,1.0,0.0,7.0
pujibenshifang,260,aligned,27831.0,1.0,0.0,7.0
shibinglungekuoxinbian540,260,aligned,-639.0,1.0,0.0,13.0
yimenbuyao,260,aligned,27102.0,1.0,0.0,213.0
shiwuliaofa,259,aligned,-639.0,1.0,0.0,137.0
shanghanliushu,257,aligned,26586.0,1.0,0.0,223.0
tuisijileifanggezhu,256,aligned,26589.0,1.0,0.0,256.0
weishengbaojian,253,aligned,26286.0,1.0,0.0,249.0
zhenjiuzishengjing,248,aligned,26483.0,1.0,0.0,248.0
yiyonghuaxue,244,aligned,27831.0,1.0,0.0,55.0
baibingzice,240,aligned,-679.0,1.0,0.0,195.0
bianquexinshu,238,aligned,27102.0,1.0,0.0,238.0
linzhengshiyanlu,238,aligned,-679.0,1.0,0.0,238.0
yankexue2,238,aligned,28448.0,1.0,0.0,77.0
zhongyiyankebeidu,237,aligned,31727.0,1.0,0.0,237.0
sushenliangfang,236,aligned,27145.0,1.0,0.0,236.0
tanhuodianxue,236,aligned,26589.0,1.0,0.0,80.0
waikedacheng,236,aligned,26480.0,1.0,0.0,135.0
waikezhengzhiquanshu,235,aligned,26586.0,1.0,0.0,56.0
ziwotiaoyangqiaozhibing208,235,aligned,-639.0,1.0,0.0,235.0
sikaozhongyi530,232,aligned,-639.0,1.0,0.0,232.0
wupubencao5340,230,aligned,22352.0,1.0,0.0,230.0
lingsujiezhuleibian,226,aligned,25087.0,1.0,0.0,32.0
songfengshuoyi,225,aligned,26586.0,1.0,0.0,120.0
fuqingzhunanke5185,223,aligned,-639.0,1.0,0.0,2.0
mianyixuehemianyixuejianyan,223,aligned,29282.0,1.0,0.0,118.0
baoyingcuoyao,221,aligned,24577.0,1.0,0.0,221.0
shouxueshouwenzhenzhi,220,aligned,-639.0,1.0,0.0,30.0
waikechuanxinji,220,aligned,27831.0,1.0,0.0,220.0
xiaoeryaozhengzhijue,220,aligned,27831.0,1.0,0.0,220.0
wulizhenduanxue,218,aligned,29282.0,1.0,0.0,71.0
yixueshizaiyi,217,aligned,26586.0,1.0,0.0,49.0
zhengzhizhunshengzabing,212,aligned,24577.0,1.0,0.0,212.0
bencaojingjie,211,aligned,26589.0,1.0,0.0,211.0
tangtougejue,210,aligned,29541.0,1.0,0.0,210.0
fuchankexue,207,aligned,28448.0,1.0,0.0,123.0
xuanqijiuzhenglun,205,aligned,26586.0,1.0,0.0,170.0
yinshiyingyangxue,204,aligned,24567.0,1.0,0.0,1.0
dantaiyuan,203,aligned,26483.0,1.0,0.0,108.0
youkexinfayaojue,203,aligned,26589.0,1.0,0.0,1.0
yifayuantong,200,aligned,-679.0,1.0,0.0,122.0
gujinyijian,199,aligned,24577.0,1.0,0.0,199.0
changjianbingzice,198,aligned,-639.0,1.0,0.0,45.0
chengxingxuanyian,197,aligned,26589.0,1.0,0.0,197.0
zhenjiujuying,194,aligned,27831.0,1.0,0.0,152.0
shanbumingyifanglun,193,aligned,24326.0,1.0,0.0,1.0
tuinajuewei,193,aligned,26585.0,1.0,0.0,193.0
zhengzhizhunshengleifang,193,aligned,24577.0,1.0,0.0,193.0
linchuangjiguangzhiliaoxue,192,aligned,29282.0,1.0,0.0,192.0
waikexuezonglun,192,aligned,28448.0,1.0,0.0,52.0
taisuzhenben,190,aligned,-684.0,1.0,0.0,190.0
cijiuxinfayaojue,189,aligned,26589.0,1.0,0.0,77.0
shanghanxunyuan,189,aligned,26589.0,1.0,0.0,189.0
sishengxinyuan,189,aligned,32696.0,1.0,0.0,116.0
fukexinfayaojue,188,aligned,27146.0,1.0,0.0,188.0
shishimilu,184,aligned,26286.0,1.0,0.0,184.0
youketuinamishu,184,aligned,27831.0,1.0,0.0,146.0
wanbinghuichun,182,aligned,24577.0,1.0,0.0,167.0
danxishoujing,179,aligned,26587.0,1.0,0.0,157.0
xiandaiyuanwaijijiushouce,179,aligned,28448.0,1.0,0.0,129.0
gujinyianan,177,aligned,25087.0,1.0,0.0,161.0
laonianbaibingfangzhi12,177,aligned,-639.0,1.0,0.0,120.0
yaozhengjiyi,176,aligned,27831.0,1.0,0.0,176.0
youyoujicheng,174,aligned,26285.0,1.0,0.0,106.0
fangshezhenduanxue,173,aligned,28909.0,1.0,0.0,42.0
xiaoerweishengzongweilunfang,173,aligned,26286.0,1.0,0.0,173.0
zhongguoshengwuzhipinguicheng,173,aligned,28909.0,1.0,0.0,173.0
linchuangjichujianyanxue,172,aligned,28448.0,1.0,0.0,17.0
nvkemiyao,172,aligned,27831.0,1.0,0.0,172.0
yaojian,171,aligned,27561.0,1.0,0.0,165.0
zhaoshaoqinyian,171,aligned,32240.0,1.0,0.0,171.0
zhengzhizhunshengnvke,170,aligned,24577.0,1.0,0.0,170.0
yixueyichuanxuejichu,168,aligned,27831.0,1.0,0.0,168.0
jiyinzhenduanyuxingchuanbojibing,167,aligned,28448.0,1.0,0.0,17.0
liliaoxue,167,aligned,28448.0,1.0,0.0,45.0
hongshijiyanfang,164,aligned,24326.0,1.0,0.0,164.0
leijingtuyi,164,aligned,26480.0,1.0,0.0,56.0
changshayaojie,162,aligned,32729.0,1.0,0.0,162.0
erkexue2,161,aligned,28346.0,1.0,0.0,29.0
shazhangyuheng,161,aligned,26589.0,1.0,0.0,107.0
danxizhifaxinyao,159,aligned,26587.0,1.0,0.0,159.0
weishengyijianfang,157,aligned,26480.0,1.0,0.0,157.0
jichuhulixue,155,aligned,32208.0,1.0,0.0,84.0
shanghanzhizhang,155,aligned,27831.0,1.0,0.0,100.0
yangshengdaoyinmiji,154,aligned,26587.0,1.0,0.0,149.0
qigongwaiqiliaofa,153,aligned,-639.0,1.0,0.0,31.0
yanjingyan,153,aligned,26589.0,1.0,0.0,153.0
waikezhengzong,152,rejected,26480.0,0.9803,3.0,0.0
yixiaomichuan,151,aligned,27146.0,1.0,0.0,11.0
douzhenxinfayaojue,150,aligned,27146.0,1.0,0.0,150.0
zhonglouyuyao,150,aligned,27831.0,1.0,0.0,150.0
jiatingyixuebaike_yufangbaojian,149,aligned,31417.0,1.0,0.0,15.0
fuqingzhunvke5190,148,aligned,-639.0,1.0,0.0,10.0
youyuzhaiyihua,146,aligned,26587.0,1.0,0.0,146.0
jinkuigouxuan,145,aligned,27831.0,1.0,0.0,145.0
rentishiyongshouce,145,aligned,32031.0,1.0,0.0,145.0
zhongdingnangmihoushu5710,145,aligned,24211.0,1.0,0.0,9.0
zhongyizhiyao5500,144,aligned,-640.0,1.0,0.0,144.0
jichulilun,143,rejected,-725.0,0.993,1.0,0.0
huoyouxinshu,142,aligned,26589.0,1.0,0.0,142.0
zhenjiujiayijing,142,aligned,26483.0,1.0,0.0,142.0
jianfeixinfayujiqiao,141,aligned,-640.0,1.0,0.0,141.0
laonianshiyangshiliao,140,aligned,-639.0,1.0,0.0,85.0
zhongxiyijieheerbihouke,140,aligned,-639.0,1.0,0.0,140.0
zhoushenzhaiyishu,140,aligned,26586.0,1.0,0.0,107.0
putongwaikexue,139,aligned,28448.0,1.0,0.0,41.0
taichanzhinan,139,aligned,27103.0,1.0,0.0,90.0
duyisuibi,137,aligned,26585.0,1.0,0.0,136.0
sishengxuanshu,137,aligned,32729.0,1.0,0.0,137.0
zhengtileiyao5684,137,aligned,24211.0,1.0,0.0,2.0
chaoshibingyuanbuyangxuandaofa5686,136,aligned,24211.0,1.0,0.0,130.0
erbiyanhouwaikexue,136,aligned,28448.0,1.0,0.0,136.0
shanghanlun,136,aligned,-687.0,1.0,0.0,136.0
jiaozhuyichunshengyi,135,aligned,26589.0,1.0,0.0,135.0
shanghanshuoyi,135,aligned,32696.0,1.0,0.0,67.0
suwenxuanjie,135,aligned,32833.0,1.0,0.0,135.0
zhenjiusunanyaozhi,134,aligned,27102.0,1.0,0.0,134.0
shifangmiaoyong,133,aligned,27103.0,1.0,0.0,62.0
youkeshimi,133,aligned,26587.0,1.0,0.0,29.0
bianzhenglu,132,aligned,24577.0,1.0,0.0,132.0
gukexue,131,aligned,28448.0,1.0,0.0,46.0
haiyaobencao5401,131,aligned,23282.0,1.0,0.0,4.0
zhongxiyiyangshengxue135,131,aligned,-639.0,1.0,0.0,131.0
maijuehuibian,130,aligned,26586.0,1.0,0.0,71.0
michuanyankelongmulun,129,aligned,26589.0,1.0,0.0,129.0
jiyanfang,128,aligned,26589.0,1.0,0.0,128.0
zhenzhunangbuyiyaoxingfu,128,aligned,27831.0,1.0,0.0,51.0
makehuorenquanshu,127,aligned,26586.0,1.0,0.0,127.0
zengdingyepingshangshuquanshu,127,aligned,27102.0,1.0,0.0,48.0
kouqiangkexue,126,aligned,28448.0,1.0,0.0,18.0
nvkeqieyao,125,rejected,27562.0,0.952,0.0,0.0
yixuetongjixue,125,aligned,27831.0,1.0,0.0,42.0
jingluoquanshu,124,aligned,26589.0,1.0,0.0,104.0
sunzhenrenhaishangfang5140,124,aligned,-639.0,1.0,0.0,124.0
linglinlingfang5574,122,aligned,24211.0,1.0,0.0,122.0
neikexue,121,rejected,-732.0,0.9917,1.0,0.0
ningkunmiji,121,aligned,24326.0,1.0,0.0,30.0
zhangnvezhinan,121,aligned,27831.0,1.0,0.0,36.0
jinzhenmichuan,120,unparsed index,,,,
shibinglun,120,aligned,26587.0,1.0,0.0,48.0
zhuanzhimashachubian,120,aligned,26589.0,1.0,0.0,120.0
bencaosibianlu,118,aligned,26586.0,1.0,0.0,118.0
yizhenyide,118,aligned,24326.0,1.0,0.0,30.0
sanshinianlinzhengjingyanji510,117,aligned,-639.0,1.0,0.0,76.0
jingyanmake5700,116,aligned,24211.0,1.0,0.0,116.0
lvshantangleibian,115,aligned,27145.0,1.0,0.0,111.0
cijiu,114,aligned,-679.0,1.0,0.0,100.0
lizhenganmoyaoshu,114,aligned,26589.0,1.0,0.0,114.0
yangkexindeji,114,aligned,26589.0,1.0,0.0,114.0
jiushangmizhi,113,aligned,24326.0,1.0,0.0,11.0
linzhengzhinanyian,113,aligned,24577.0,1.0,0.0,90.0
erkexue,112,rejected,-727.0,0.9464,3.0,0.0
huashizhongzangjing,112,aligned,-639.0,1.0,0.0,92.0
lengluyihua,112,aligned,26586.0,1.0,0.0,112.0
zhongyishangkeanmoxue,112,aligned,31250.0,1.0,0.0,112.0
danxixinfa,111,aligned,26483.0,1.0,0.0,111.0
michuanzhengzhiyaojuejileifang,111,aligned,26589.0,1.0,0.0,103.0
shifanggekuo,111,aligned,27831.0,1.0,0.0,3.0
taichanxinfa,111,unparsed index,,,,
yulinyanfang,111,aligned,27831.0,1.0,0.0,111.0
wanshimichuanwaikexinfa,110,aligned,27831.0,1.0,0.0,16.0
yilingaicuo5180,110,aligned,-639.0,1.0,0.0,25.0
waikexue,109,aligned,-726.0,1.0,0.0,96.0
mianyiyujiankang,108,aligned,28346.0,1.0,0.0,108.0
renzhaizhizhifanglun,108,aligned,26589.0,1.0,0.0,106.0
shibinglungekuoxinbian,108,unparsed index,,,,
gujinmingyihuicui,107,aligned,26286.0,1.0,0.0,107.0
rentijishengchongxue,107,aligned,27831.0,1.0,0.0,107.0
wuyihuijiang,107,aligned,26589.0,1.0,0.0,107.0
jiatingyixuebaike_zijiuhujiu,106,aligned,31417.0,1.0,0.0,92.0
sanzhichan,105,aligned,27102.0,1.0,0.0,83.0
yankexue,105,aligned,-725.0,1.0,0.0,105.0
bianqueshenyingzhenjiuyulongjing5708,104,aligned,24211.0,1.0,0.0,104.0
fukexue,104,aligned,-726.0,1.0,0.0,104.0
furengui,104,aligned,26589.0,1.0,0.0,102.0
guangwenyilun,104,aligned,27830.0,1.0,0.0,102.0
piweilun,104,aligned,27146.0,1.0,0.0,104.0
yingtongbaiwen,103,aligned,26586.0,1.0,0.0,103.0
zoumengchengsanshinianlinzhengjingyanji,103,aligned,31250.0,1.0,0.0,103.0
maijing,102,aligned,-679.0,1.0,0.0,102.0
wangzhenzunjing,102,aligned,26589.0,1.0,0.0,102.0
yixuechuanxinlu510,102,aligned,-639.0,1.0,0.0,102.0
yankexinfayaojue5712,101,aligned,24211.0,1.0,0.0,101.0
yideji,101,aligned,27561.0,1.0,0.0,101.0
yinhaijingwei,101,aligned,27102.0,1.0,0.0,101.0
yixueyuanliulun5175,101,aligned,-639.0,1.0,0.0,101.0
zhangyuqingyian,101,aligned,24577.0,1.0,0.0,100.0
zhenjiudaquan,101,rejected,27562.0,0.9802,1.0,0.0
shanghanbaizhengge,100,aligned,27831.0,1.0,0.0,100.0
yishouyanke5674,100,aligned,24211.0,1.0,0.0,100.0
zabingguangyao,100,aligned,24567.0,1.0,0.0,100.0
nvkebaiwen,99,aligned,27146.0,1.0,0.0,99.0
nvkejingyao,99,aligned,26589.0,1.0,0.0,99.0
panzhujitaichanzhengzhi,99,aligned,27831.0,1.0,0.0,99.0
shanghanjiejue5668,99,aligned,24211.0,1.0,0.0,99.0
shanghanxinfayaojue,99,aligned,27831.0,1.0,0.0,89.0
shennongbencaojingbaizhonglu5335,99,aligned,22352.0,1.0,0.0,99.0
weichangdonglijianchashouce,99,aligned,29032.0,1.0,0.0,99.0
yeshishanrenyian,99,aligned,27831.0,1.0,0.0,99.0
shenshiyaohan,98,aligned,26483.0,1.0,0.0,80.0
ziwuliuzhushuonan,98,aligned,24326.0,1.0,0.0,16.0
cishinanzhi,97,aligned,27831.0,1.0,0.0,97.0
houshebeiyaomizhi5688,96,aligned,24211.0,1.0,0.0,96.0
jingfangshiyanlu,96,aligned,31249.0,1.0,0.0,96.0
youketiejing,96,aligned,27563.0,1.0,0.0,96.0
xinzangbingxue,94,aligned,28448.0,1.0,0.0,94.0
yizhixuyu,94,aligned,26589.0,1.0,0.0,94.0
xusunqiwei5704,93,aligned,24211.0,1.0,0.0,93.0
yixuecongzhonglu,93,aligned,26589.0,1.0,0.0,93.0
gujinyiche,92,aligned,26589.0,1.0,0.0,92.0
huichunlu,92,aligned,26586.0,1.0,0.0,92.0
waikeshisanfangkao,92,aligned,27831.0,1.0,0.0,60.0
zabingxinfayaojue,92,aligned,27146.0,1.0,0.0,92.0
shanghanjiushilun5720,90,aligned,24211.0,1.0,0.0,90.0
yaozhengxubian,90,aligned,27831.0,1.0,0.0,90.0
yixuedushuji,90,aligned,24326.0,1.0,0.0,90.0
houkezhizhang,89,aligned,27831.0,1.0,0.0,89.0
xiaopinfang,89,aligned,26589.0,1.0,0.0,89.0
jiufamichuan,88,aligned,27831.0,1.0,0.0,88.0
wenyilun,87,aligned,27561.0,1.0,0.0,87.0
zhenduanxue,87,aligned,-725.0,1.0,0.0,87.0
shanghandabai,86,aligned,26585.0,1.0,0.0,86.0
wenbingtiaobian,86,aligned,26585.0,1.0,0.0,86.0
yixueyingxiangxue,86,aligned,29032.0,1.0,0.0,19.0
zhengzhihuibu,85,aligned,26286.0,1.0,0.0,85.0
damoxisuiyijinjing,83,aligned,27146.0,1.0,0.0,83.0
huangdilingshu,83,aligned,-685.0,1.0,0.0,83.0
huangdisuwen,83,rejected,-687.0,0.9759,2.0,0.0
lingshuxuanjie,83,aligned,32833.0,1.0,0.0,83.0
nanjingxuanjie,83,aligned,32696.0,1.0,0.0,83.0
shanghanguanzhuji,83,aligned,26587.0,1.0,0.0,6.0
taichanmishu5698,83,aligned,24211.0,1.0,0.0,83.0
yexuanyiheng,83,aligned,26589.0,1.0,0.0,83.0
maiyinzhengzhi,82,aligned,26589.0,1.0,0.0,71.0
mingshichuijiao,82,aligned,31250.0,1.0,0.0,82.0
nanjing,82,aligned,-685.0,1.0,0.0,1.0
neijingpingwen,82,aligned,26587.0,1.0,0.0,82.0
nvkezhezhongzuanyao,82,aligned,27831.0,1.0,0.0,82.0
waijingweiyan,82,aligned,-639.0,1.0,0.0,82.0
xuezhenglun,82,aligned,26586.0,1.0,0.0,82.0
zhuquanshengnvkejiyao5572,82,aligned,24211.0,1.0,0.0,12.0
nvkemizhi,81,aligned,24326.0,1.0,0.0,81.0
pingzhuchankexinfa,81,aligned,27831.0,1.0,0.0,81.0
shenshinvkejiyao,81,aligned,27561.0,1.0,0.0,81.0
yixuesanzijing,81,aligned,27145.0,1.0,0.0,51.0
maijueruhai,80,aligned,27831.0,1.0,0.0,75.0
rentijiepouxuegejue,80,aligned,32240.0,1.0,0.0,0.0
shanghanzongbinglun,80,aligned,26589.0,1.0,0.0,80.0
wenbingzhengzong,80,aligned,26589.0,1.0,0.0,6.0
zabingzhili5680,80,aligned,24211.0,1.0,0.0,80.0
zhongguoyijikao,80,aligned,24567.0,1.0,0.0,80.0
dingganrenyian,79,aligned,26585.0,1.0,0.0,79.0
yixueqiyuan,78,aligned,27102.0,1.0,0.0,26.0
yixuezhengzhuan,78,aligned,24577.0,1.0,0.0,78.0
zhengguxinfayaozhi,78,aligned,24326.0,1.0,0.0,1.0
hewuqisunshang,77,rejected,27832.0,0.987,0.0,0.0
mingyizazhe,77,aligned,26585.0,1.0,0.0,68.0
zhenjiazhengyan,77,aligned,27145.0,1.0,0.0,77.0
ciyoubianlan,76,aligned,27831.0,1.0,0.0,40.0
chabingzhinan5578,75,aligned,24211.0,1.0,0.0,50.0
dashengbian,75,aligned,24326.0,1.0,0.0,75.0
yilizhenchuan,75,aligned,32208.0,1.0,0.0,44.0
yijingguoxiao,74,aligned,27831.0,1.0,0.0,74.0
yingtongleicui,74,aligned,26589.0,1.0,0.0,70.0
zhouhoubeijifang,74,aligned,-645.0,1.0,0.0,74.0
gudaifangzhongmifang,73,aligned,29635.0,1.0,0.0,73.0
shenjingbingxue,73,aligned,28448.0,1.0,0.0,58.0
jingluokao5716,72,aligned,24211.0,1.0,0.0,72.0
neiwaishangbian5702,72,aligned,24211.0,1.0,0.0,25.0
shanghanminglilun,72,aligned,27561.0,1.0,0.0,72.0
wenreshuyiquanshu,72,aligned,27145.0,1.0,0.0,47.0
youkezhezhong,72,aligned,26589.0,1.0,0.0,72.0
jingxuehuijie,69,aligned,27831.0,1.0,0.0,69.0
liuxingbingxue,69,aligned,27831.0,1.0,0.0,69.0
xiaoertuinaguangyi,69,aligned,27561.0,1.0,0.0,69.0
zhongjingshanghanbuwanglun,69,aligned,26585.0,1.0,0.0,69.0
shoushiqingbian,68,aligned,27831.0,1.0,0.0,68.0
jieweiyuansou,67,aligned,27102.0,1.0,0.0,66.0
shangkehuizuan,67,aligned,27831.0,1.0,0.0,16.0
yinhaizhinan,67,aligned,26589.0,1.0,0.0,54.0
yuyicao,67,aligned,26589.0,1.0,0.0,67.0
jiatingyixuebaike_jiatinghuli,66,aligned,31417.0,1.0,0.0,14.0
linchuangganyizhi,66,aligned,28448.0,1.0,0.0,66.0
maijuekanwu,66,aligned,27831.0,1.0,0.0,47.0
youkefahui,66,aligned,26589.0,1.0,0.0,40.0
yuwuyanyian,66,aligned,31250.0,1.0,0.0,66.0
yuyingjiami,66,aligned,-684.0,1.0,0.0,34.0
fanzhonglinliujingbianzhengyian,65,aligned,31250.0,1.0,0.0,65.0
huangdimingtangjiujing,65,aligned,27831.0,1.0,0.0,65.0
yankechanwei,65,aligned,27831.0,1.0,0.0,65.0
pifuxingbingxue,64,aligned,28448.0,1.0,0.0,54.0
xianchuanwaikejiyanfang5706,64,aligned,24211.0,1.0,0.0,29.0
neijingboyi,63,aligned,26589.0,1.0,0.0,63.0
yimenfalv,63,aligned,26285.0,1.0,0.0,63.0
nvkezhizhang,62,aligned,27831.0,1.0,0.0,62.0
waikeshuyao,62,aligned,26589.0,1.0,0.0,62.0
yixuemiaodi,62,aligned,27561.0,1.0,0.0,62.0
shiliaofang,61,aligned,27831.0,1.0,0.0,0.0
jishengji5694,60,aligned,24211.0,1.0,0.0,59.0
shizaizhifang,60,aligned,27562.0,1.0,0.0,31.0
waikejingyao,60,aligned,27563.0,1.0,0.0,60.0
baoyouxinbian,59,aligned,27831.0,1.0,0.0,59.0
tuiqiushiyi,59,aligned,24326.0,1.0,0.0,59.0
fukemishu,58,aligned,27561.0,1.0,0.0,58.0
jingjingyihua550,58,aligned,-639.0,1.0,0.0,58.0
zhenjiuyixue,58,aligned,24211.0,1.0,0.0,5.0
waikexuanyao,57,aligned,27831.0,1.0,0.0,33.0
huixiyian,56,aligned,32031.0,1.0,0.0,56.0
jiyinyujibing,56,aligned,29032.0,1.0,0.0,56.0
pingqinshuwuyilve,56,aligned,31250.0,1.0,0.0,32.0
waikeshifa5380,56,aligned,23224.0,1.0,0.0,56.0
xingsewaizhenjianmo,56,aligned,26589.0,1.0,0.0,56.0
yijingyuanzhi,56,aligned,25087.0,1.0,0.0,56.0
xiyuanjilu,55,aligned,24326.0,1.0,0.0,55.0
yixuejianneng,55,aligned,27561.0,1.0,0.0,55.0
jingyandanfanghuibian,54,aligned,27102.0,1.0,0.0,54.0
yaozheng,54,aligned,27831.0,1.0,0.0,54.0
quweizhongyi2045,53,aligned,-639.0,1.0,0.0,53.0
zhiyuanyihua5505,53,aligned,-640.0,1.0,0.0,40.0
binglishuxieguifan,52,aligned,28909.0,1.0,0.0,49.0
kangfuyixue,52,aligned,28909.0,1.0,0.0,14.0
nvkezhiyao5220,52,aligned,22352.0,1.0,0.0,3.0
xiaoerchangjianbingdanyanfang,52,aligned,-639.0,1.0,0.0,52.0
bihuayijing,51,aligned,27563.0,1.0,0.0,51.0
shanghanzhige,51,rejected,27830.0,0.9608,1.0,0.0
yangkegangyao,51,rejected,27145.0,0.9804,1.0,0.0
chanjian5670,50,aligned,24211.0,1.0,0.0,50.0
linzhengyanshefa5385,50,aligned,23224.0,1.0,0.0,8.0
miniaowaikexue,50,aligned,28448.0,1.0,0.0,29.0
mailiqiuzhen,49,aligned,27830.0,1.0,0.0,49.0
shanghanhenglun,49,aligned,31249.0,1.0,0.0,32.0
yuanjiqiwei,49,aligned,27831.0,1.0,0.0,49.0
zhiyilu5586,49,aligned,24211.0,1.0,0.0,49.0
lixuyuanjian5566,48,aligned,24196.0,1.0,0.0,48.0
shenyingjing5666,48,aligned,24211.0,1.0,0.0,48.0
wujutongyian,48,aligned,26483.0,1.0,0.0,48.0
yinzhenglveli,48,aligned,27831.0,1.0,0.0,48.0
zhongyaofagui,48,aligned,24567.0,1.0,0.0,48.0
maizhengzhifang,47,aligned,26586.0,1.0,0.0,47.0
yixuezhenchuan,47,aligned,27831.0,1.0,0.0,47.0
shanghanbiaobenxinfaleicui5393,46,aligned,23244.0,1.0,0.0,46.0
shoushichuanzhen,45,aligned,24326.0,1.0,0.0,45.0
weishengjiabaochankebeiyao5682,45,aligned,24211.0,1.0,0.0,14.0
yangshengmizhi5315,45,aligned,22352.0,1.0,0.0,45.0
mapeizhiyian5559,44,aligned,23469.0,1.0,0.0,44.0
shenrouwushu,44,aligned,27146.0,1.0,0.0,10.0
youkeqieyao5696,44,aligned,24211.0,1.0,0.0,44.0
zhongdinglinglanyaolan,44,aligned,24326.0,1.0,0.0,44.0
dizhenzaihouduofabingzhiliao,43,aligned,24211.0,1.0,0.0,43.0
gezhiyulun,43,aligned,24326.0,1.0,0.0,43.0
yiguan,43,aligned,26589.0,1.0,0.0,43.0
aoshishanghanjinjinglu5678,42,aligned,24211.0,1.0,0.0,42.0
maique5664,42,aligned,24211.0,1.0,0.0,42.0
nvdanhebianxuanzhu5722,42,aligned,24211.0,1.0,0.0,42.0
ciyouxinshu,41,aligned,27831.0,1.0,0.0,29.0
erkeyaolve,41,aligned,26586.0,1.0,0.0,41.0
zhongdingguangwenrelun,41,aligned,26483.0,1.0,0.0,41.0
fangyuyicao5130,40,aligned,-639.0,1.0,0.0,40.0
jijiuliangfang,40,aligned,27831.0,1.0,0.0,40.0
wentangjiyanfang,40,aligned,26586.0,1.0,0.0,40.0
xiongwaikexue,40,aligned,28448.0,1.0,0.0,24.0
yizongjirenbian,40,aligned,26587.0,1.0,0.0,38.0
mazhenchanzhu5660,39,aligned,24211.0,1.0,0.0,39.0
xiaohuabingxue,39,aligned,28448.0,1.0,0.0,31.0
yangshengdaoyinfa,39,aligned,27102.0,1.0,0.0,39.0
waikejingyi,38,aligned,27831.0,1.0,0.0,38.0
yetianshiyianjinghua,38,aligned,27145.0,1.0,0.0,38.0
yixuechuandeng,38,aligned,24326.0,1.0,0.0,34.0
guojiajibenyaowumulu2009,37,rejected,31451.0,0.8919,3.0,0.0
houkemijue5290,37,aligned,22352.0,1.0,0.0,37.0
huxibingxue,37,aligned,28346.0,1.0,0.0,37.0
shangkebuyao5413,37,aligned,23469.0,1.0,0.0,37.0
songbenbeijijiufa,37,aligned,27831.0,1.0,0.0,37.0
yanglaofengqinshu,37,aligned,27831.0,1.0,0.0,37.0
yilince5563,37,aligned,23469.0,1.0,0.0,35.0
jibingyuceyuzuijiazhiliao,36,aligned,-639.0,1.0,0.0,36.0
jingluohuibian,36,aligned,27831.0,1.0,0.0,36.0
chenshiyoukemijue,34,aligned,27831.0,1.0,0.0,34.0
mazhenbeiyaofanglun5360,34,aligned,23224.0,1.0,0.0,10.0
zhenmaisanshierbian5411,34,aligned,23469.0,1.0,0.0,34.0
lizhaiwaikefahui,33,aligned,26589.0,1.0,0.0,33.0
nvkecuoyao,33,aligned,27831.0,1.0,0.0,33.0
shaolansunyian,33,aligned,27102.0,1.0,0.0,33.0
zhenjiuwendui,33,aligned,27145.0,1.0,0.0,19.0
hanshiyitong5387,32,aligned,23224.0,1.0,0.0,10.0
neifumichuanjingyannvke5355,32,aligned,23224.0,1.0,0.0,32.0
zhonglouyuyaoxubian,32,aligned,27561.0,1.0,0.0,32.0
zhongxihuitongyijingjingyi,32,aligned,26589.0,1.0,0.0,32.0
yankemijue5275,31,aligned,22352.0,1.0,0.0,20.0
yuanyaolun,31,aligned,27831.0,1.0,0.0,31.0
dingzhengzhongjingquanshujinkuiyaolvezhu,30,aligned,26483.0,1.0,0.0,30.0
youkegailun,30,aligned,27831.0,1.0,0.0,30.0
youkezhinan,30,aligned,27831.0,1.0,0.0,30.0
yunqiyaojue,30,aligned,27831.0,1.0,0.0,30.0
ziwuliuzhuzhenjing,30,aligned,27831.0,1.0,0.0,18.0
binhumaixue,29,aligned,-679.0,1.0,0.0,29.0
jinkuiyaolveqianzhu,29,aligned,26585.0,1.0,0.0,26.0
sulingweiyun,29,aligned,32833.0,1.0,0.0,29.0
yixuezhigui,29,aligned,27830.0,1.0,0.0,29.0
jinkuiyuhanyaolvejiyi,28,aligned,26285.0,1.0,0.0,28.0
quanshengzhimifang5692,28,aligned,24211.0,1.0,0.0,28.0
wenrejingwei,28,aligned,26585.0,1.0,0.0,16.0
heshixulaoxinchuan,27,aligned,27831.0,1.0,0.0,27.0
jinkuiyuhanjingerzhu,27,aligned,26585.0,1.0,0.0,27.0
wangxugaolinzhengyian,27,aligned,26586.0,1.0,0.0,27.0
youshihouzhengzhinan5370,27,aligned,23224.0,1.0,0.0,27.0
baihouquanshengji5285,26,aligned,22352.0,1.0,0.0,26.0
danyimishougumaifa,26,aligned,32240.0,1.0,0.0,26.0
jingshenyaopinlinchuangyingyong,26,aligned,29311.0,1.0,0.0,26.0
jinkuiyaolvfanglun,26,aligned,-677.0,1.0,0.0,26.0
jinkuiyuhanyaolveshuyi,26,aligned,26589.0,1.0,0.0,26.0
leizhenghuorenshu,26,aligned,26586.0,1.0,0.0,26.0
liuyintiaobian,26,aligned,27102.0,1.0,0.0,26.0
yiyuan,26,aligned,26587.0,1.0,0.0,26.0
caorenboyianlun5345,25,aligned,23224.0,1.0,0.0,25.0
fushidaoer,25,aligned,29635.0,1.0,0.0,25.0
huyuecunsouyian,25,aligned,32031.0,1.0,0.0,25.0
wenrefengyuan,25,aligned,27146.0,1.0,0.0,25.0
chanbao5210,24,aligned,22352.0,1.0,0.0,24.0
jinkuiyaolvexindian,24,aligned,26589.0,1.0,0.0,24.0
qianjinbaoyao,24,aligned,27831.0,1.0,0.0,24.0
waikefangwaiqifang,24,aligned,27831.0,1.0,0.0,24.0
xueyebingxue,24,aligned,28448.0,1.0,0.0,24.0
zhenzongsanmei,24,aligned,27830.0,1.0,0.0,24.0
neikezhaiyao,23,aligned,27831.0,1.0,0.0,23.0
shanghanfaweilun5150,23,aligned,-639.0,1.0,0.0,23.0
shijianbencao5205,23,aligned,22352.0,1.0,0.0,23.0
zengdingshiyaoshenshu5265,23,aligned,22352.0,1.0,0.0,23.0
fengmenquanshu,22,aligned,27831.0,1.0,0.0,22.0
fukeyuchi,22,aligned,26589.0,1.0,0.0,22.0
gaozhujinkuiyaolve,22,aligned,26286.0,1.0,0.0,22.0
qingnangmijue,22,aligned,24326.0,1.0,0.0,22.0
shenjichuyan5300,22,aligned,22352.0,1.0,0.0,22.0
yiyixiaocao5419,22,aligned,23469.0,1.0,0.0,22.0
suixijuzhongdinghuoluanlun,21,aligned,27831.0,1.0,0.0,21.0
yijingsuhuiji,21,aligned,27831.0,1.0,0.0,21.0
zhongfenglun5662,21,aligned,24211.0,1.0,0.0,21.0
zhumaizhubingshi,21,aligned,22352.0,1.0,0.0,21.0
zhiyibibian5718,20,aligned,24211.0,1.0,0.0,16.0
zhongyaojibenlilunzhishi140,20,aligned,24196.0,1.0,0.0,20.0
diedasunshanghuishengji,19,aligned,27146.0,1.0,0.0,19.0
shenzangbingxue,19,aligned,28448.0,1.0,0.0,19.0
xusunbingleigouchen,19,aligned,31250.0,1.0,0.0,19.0
youkezhongdouxinfayaozhi,19,aligned,27831.0,1.0,0.0,19.0
baihoutiaobian5350,18,aligned,23224.0,1.0,0.0,18.0
jiachuannvkejingyanzhaiqi5582,18,aligned,24211.0,1.0,0.0,18.0
neifenmixue,18,aligned,28448.0,1.0,0.0,18.0
nvkeyaozhi,18,aligned,27146.0,1.0,0.0,18.0
qijingbamaikao5389,18,aligned,23282.0,1.0,0.0,18.0
qizhenghui,18,aligned,26589.0,1.0,0.0,18.0
shanghanbuli5561,18,aligned,23469.0,1.0,0.0,18.0
shiyinluyixuezazhe5395,18,aligned,23244.0,1.0,0.0,18.0
wenrelun,18,aligned,-677.0,1.0,0.0,12.0
xianzheyihua,18,aligned,27831.0,1.0,0.0,18.0
zhenjingzhinan,18,aligned,27831.0,1.0,0.0,18.0
guangsiyaoyu5568,17,aligned,24196.0,1.0,0.0,17.0
jijiubianfang5409,17,aligned,23469.0,1.0,0.0,17.0
xinyiji,17,aligned,27831.0,1.0,0.0,17.0
chashebianzheng5160,16,aligned,-639.0,1.0,0.0,16.0
jiyanbeijufang5250,16,aligned,22352.0,1.0,0.0,16.0
laonianxue,16,aligned,28448.0,1.0,0.0,16.0
waikejiyanfang,16,aligned,27146.0,1.0,0.0,15.0
chushiyishu5120,15,aligned,-639.0,1.0,0.0,15.0
diesunmiaofang5375,15,aligned,23224.0,1.0,0.0,15.0
erkexing,15,aligned,27831.0,1.0,0.0,15.0
hejianshanghanxinyao,15,aligned,27831.0,1.0,0.0,2.0
shanghanfazu,15,aligned,27562.0,1.0,0.0,15.0
tangyihua5576,15,aligned,24211.0,1.0,0.0,15.0
yicaotingmukequanshu5397,15,aligned,23244.0,1.0,0.0,15.0
zhengzhixinchuan5391,15,aligned,23243.0,1.0,0.0,15.0
duishanyihua,14,aligned,24326.0,1.0,0.0,14.0
fuxingjuezangfuyongyaofayao,14,aligned,32240.0,1.0,0.0,14.0
nvkezhiyao5570,14,aligned,24211.0,1.0,0.0,14.0
wangshiyianyizhu,14,aligned,26483.0,1.0,0.0,14.0
zhenjiashuyao5305,14,aligned,22352.0,1.0,0.0,14.0
hedananyian,13,aligned,27831.0,1.0,0.0,13.0
kouchileiyao5365,13,aligned,23224.0,1.0,0.0,13.0
ludixianjing5310,13,aligned,22352.0,1.0,0.0,13.0
zhangcigongyianzhongfuzideyingyong,13,aligned,31417.0,1.0,0.0,13.0
zhigaohuangshuxuefa,13,aligned,27831.0,1.0,0.0,13.0
bencaowenda,12,aligned,27831.0,1.0,0.0,12.0
fukemifang5584,12,aligned,24211.0,1.0,0.0,12.0
jiaoshihoukezhenmi5714,12,aligned,24211.0,1.0,0.0,12.0
liuhejianshanghan5155,12,aligned,-639.0,1.0,0.0,12.0
meishoutangfanganxuancun,12,aligned,27561.0,1.0,0.0,12.0
shangkedacheng5240,12,aligned,22352.0,1.0,0.0,12.0
shazhenjiyao,12,aligned,26589.0,1.0,0.0,12.0
wenbingzhinan5580,12,aligned,24211.0,1.0,0.0,12.0
zhangshifuke5230,12,aligned,22352.0,1.0,0.0,12.0
kentangyilun5676,11,aligned,24211.0,1.0,0.0,11.0
heshiyingyian,10,aligned,31250.0,1.0,0.0,10.0
jinchuangdiedajieguyaoxingmishu,10,aligned,27831.0,1.0,0.0,10.0
liyangjiyao,10,aligned,24326.0,1.0,0.0,10.0
neijingzhiyao,10,aligned,26589.0,1.0,0.0,9.0
shanghanshejian,10,aligned,27831.0,1.0,0.0,10.0
tanlifamen5270,10,aligned,22352.0,1.0,0.0,10.0
xingmingyaozhi5417,10,aligned,23469.0,1.0,0.0,10.0
yingerlun,10,aligned,27146.0,1.0,0.0,10.0
zhonghuarenmingongheguoyaopinguanlifa,10,aligned,26585.0,1.0,0.0,10.0
zhonghuarenmingongheguoyaopinguanlifashiyi,10,aligned,26585.0,1.0,0.0,10.0
chongqingtangsuibi,9,aligned,26589.0,1.0,0.0,9.0
cuncunzhaiyihuagao,9,aligned,27561.0,1.0,0.0,9.0
handanyigao,9,aligned,27831.0,1.0,0.0,9.0
maixiangtonglei,9,aligned,27831.0,1.0,0.0,9.0
bingzhonglinchuanglujing,8,rejected,31423.0,0.75,2.0,0.0
guiyanlu,8,aligned,27102.0,1.0,0.0,8.0
jisiyian,8,aligned,32208.0,1.0,0.0,8.0
luxinjing5235,8,aligned,22352.0,1.0,0.0,8.0
qianshimichuanchankefangshumingshiyanlu5215,8,aligned,22352.0,1.0,0.0,8.0
sanjiayianheke,8,aligned,27831.0,1.0,0.0,8.0
shanghanyijuechuanjie,8,aligned,24326.0,1.0,0.0,8.0
xuedaomishu5170,8,aligned,-639.0,1.0,0.0,8.0
youshihoukemishu5280,8,aligned,22352.0,1.0,0.0,8.0
diedamifang5245,7,aligned,22352.0,1.0,0.0,7.0
liujuanziguiyifang5672,7,aligned,24211.0,1.0,0.0,7.0
mawangduijianbo,7,aligned,29635.0,1.0,0.0,7.0
sanxiaolun,7,aligned,27831.0,1.0,0.0,7.0
shanghanfuyi,7,aligned,27146.0,1.0,0.0,7.0
shequzhongyiyaofuwugongzuozhinan,7,aligned,31441.0,1.0,0.0,7.0
yixiazhiyan,7,aligned,27831.0,1.0,0.0,7.0
congguicaotangyian,6,aligned,24326.0,1.0,0.0,6.0
diedasunshangfang5165,6,aligned,-639.0,1.0,0.0,6.0
qianjinshizhi5415,6,aligned,23469.0,1.0,0.0,6.0
shangkefangshu,6,aligned,27831.0,1.0,0.0,6.0
shaolinzhenchuanshangkemifang,6,aligned,27831.0,1.0,0.0,6.0
xiukunlunzhengyan,6,aligned,27831.0,1.0,0.0,6.0
xuandouzhenfanglun5588,6,aligned,24211.0,1.0,0.0,6.0
baoshihouzhengjiabao5295,5,aligned,22352.0,1.0,0.0,5.0
fabeiduikouzhijuelun,5,aligned,27831.0,1.0,0.0,5.0
jiudetangyian,5,aligned,32210.0,1.0,0.0,5.0
kechenyihua,5,aligned,27831.0,1.0,0.0,5.0
waikeyijing,5,aligned,27831.0,1.0,0.0,5.0
yiyiyi5690,5,aligned,24211.0,1.0,0.0,5.0
fengshibingxue,4,aligned,28448.0,1.0,0.0,4.0
fukewenda5225,4,aligned,22352.0,1.0,0.0,4.0
xupiyetianshiwannianfanganzhenben,4,aligned,27102.0,1.0,0.0,4.0
zaihaijibingzhongyifangzhi,4,aligned,32209.0,1.0,0.0,4.0
jinchuangmichuanjinfang5260,3,unparsed index,,,,
liuzhouyihua5145,3,aligned,-639.0,1.0,0.0,3.0
xianshoulishangxuduanmifang5255,3,aligned,22352.0,1.0,0.0,3.0
yuyingtiyaoshuo,3,aligned,27831.0,1.0,0.0,3.0
huangyuanyuyishu,2,aligned,32833.0,1.0,0.0,2.0
huayunlouyian,2,aligned,27831.0,1.0,0.0,2.0
shangchizashuo,2,aligned,27831.0,1.0,0.0,2.0
zhangwanxiangyian,2,aligned,27831.0,1.0,0.0,2.0
