host,url,status,final,ctype,size,secs,title,err
article.iiyi.com,https://article.iiyi.com/detail/21892.html,521,https://article.iiyi.com/detail/21892.html,,0,0.95,,
article.iiyi.com,https://article.iiyi.com/detail/26298.html,521,https://article.iiyi.com/detail/26298.html,,0,1.52,,
article.iiyi.com,https://article.iiyi.com/detail/418330.html,521,https://article.iiyi.com/detail/418330.html,,0,1.03,,
ask.39.net,https://ask.39.net/question/59657890.html,200,https://ask.39.net/question/59657890.html,text/html;charset=utf-8,46106,2.59,皮下脂肪肉芽肿会全身发作吗？_39问医生_39健康网,
ask.39.net,https://ask.39.net/question/89717659.html,200,https://ask.39.net/question/89717659.html,text/html;charset=utf-8,51501,1.45,颈椎炎怎么治疗较好的方法_39问医生_39健康网,
ask.39.net,https://ask.39.net/question/_3yhzd5.html,200,https://ask.39.net/question/_3yhzd5.html,text/html;charset=utf-8,44094,9.97,热烧伤怎么治疗最好_39问医生_39健康网,
ask.familydoctor.com.cn,http://ask.familydoctor.com.cn/q/10420069.html,200,https://www.familydoctor.com.cn/q/10420069.html,text/html; charset=utf-8,135026,2.95,酒精肝平时在饮食上应该注意什么啊？_即问即答_家庭医生在线,
ask.familydoctor.com.cn,http://ask.familydoctor.com.cn/q/3909357.html,200,https://www.familydoctor.com.cn/q/3909357.html,text/html; charset=utf-8,136278,4.4,强直性脊柱炎能治疗好吗？_即问即答_家庭医生在线,
ask.familydoctor.com.cn,http://ask.familydoctor.com.cn/zt/mn.html,200,https://www.familydoctor.com.cn/ask/zt/mn.html,text/html,18103,4.65,ʴпҽ,
baby.39.net,http://baby.39.net/a/2010518/1290065.html,200,https://image.39.net/verify.html?referer=https://baby.39.net/a/2010518/1290065.html,text/html,2287,2.84,39健康,
baby.39.net,http://baby.39.net/a/2010710/1418132.html,200,https://image.39.net/verify.html?referer=https://baby.39.net/a/2010710/1418132.html,text/html,2287,3.58,39健康,
baby.39.net,http://baby.39.net/a/2012210/1971711.html,200,https://image.39.net/verify.html?referer=https://baby.39.net/a/2012210/1971711.html,text/html,2287,3.73,39健康,
bachmai.gov.vn,https://bachmai.gov.vn/bai-viet/5-yeu-to-bat-ngo-khien-me-sau-sinh-mat-sua?id=aa77c2ae-0354-7c74-a528-8dfe0b444575,200,https://bachmai.gov.vn/bai-viet/5-yeu-to-bat-ngo-khien-me-sau-sinh-mat-sua?id=aa77c2ae-0354-7c74-a52,text/html; charset=utf-8,119030,0.97,5 yếu tố bất ngờ khiến mẹ sau sinh mất sữa,
bachmai.gov.vn,https://bachmai.gov.vn/bai-viet/huong-phat-trien-moi-cac-thuoc-uc-che-mien-dich?id=2d0e1a84-ce07-163c-66e0-17e627c86281,200,https://bachmai.gov.vn/bai-viet/huong-phat-trien-moi-cac-thuoc-uc-che-mien-dich?id=2d0e1a84-ce07-163,text/html; charset=utf-8,109742,0.78,Hướng phát triển mới các thuốc ức chế miễn dịch,
bachmai.gov.vn,https://bachmai.gov.vn/bai-viet/tre-tu-6-den-14-tuoi-sap-duoc-tiem-vac-xin-viem-nao-nhat-ban-mien-phi?id=57a31d80-f486-3d5e-0c1a-f497478e5353,200,https://bachmai.gov.vn/bai-viet/tre-tu-6-den-14-tuoi-sap-duoc-tiem-vac-xin-viem-nao-nhat-ban-mien-ph,text/html; charset=utf-8,118483,0.87,Trẻ từ 6 đến 14 tuổi sắp được tiêm vắc-xin viêm não Nhật Bản,
baidianfeng.familydoctor.com.cn,https://baidianfeng.familydoctor.com.cn/a/201410/716787.html,200,https://baidianfeng.familydoctor.com.cn/a/201410/716787.html,text/html,76207,2.15,白癜风的早期症状有哪些_家庭医生在线白癜风频道,
baidianfeng.familydoctor.com.cn,https://baidianfeng.familydoctor.com.cn/a/201503/750644.html,200,https://baidianfeng.familydoctor.com.cn/a/201503/750644.html,text/html,76317,3.22,白癜风护理方法大全 饮食方面尤其需要注意_家庭医生在线白癜风频道,
baidianfeng.familydoctor.com.cn,https://baidianfeng.familydoctor.com.cn/a/201910/2576887.html,200,https://baidianfeng.familydoctor.com.cn/a/201910/2576887.html,text/html,76206,3.21,为什么白癜风治疗没效果？主要是这4个因素在作怪_家庭医生在线白癜风频道,
baoangiang.com.vn,https://baoangiang.com.vn/bien-the-omicron-va-bien-the-delta-giong-va-khac-nhau-nhu-the-nao-a319728.html,200,https://baoangiang.com.vn/bien-the-omicron-va-bien-the-delta-giong-va-khac-nhau-nhu-the-nao-a319728.,text/html; charset=UTF-8,161549,1.03,Biến thể Omicron và biến thể Delta giống và khác nhau như th,
baoangiang.com.vn,https://baoangiang.com.vn/moi-ngay-1-vien-dau-ca-omega-3-dieu-gi-xay-ra-neu-dang-uong-thuoc-huyet-ap-a475526.html,200,https://baoangiang.com.vn/moi-ngay-1-vien-dau-ca-omega-3-dieu-gi-xay-ra-neu-dang-uong-thuoc-huyet-ap,text/html; charset=UTF-8,166611,0.76,Mỗi ngày 1 viên dầu cá omega-3: Điều gì xảy ra nếu đang uống,
baoangiang.com.vn,https://baoangiang.com.vn/vacxin-an-do-thay-the-vacxin-quinvaxem-tu-thang-6-a221730.html,200,https://baoangiang.com.vn/vacxin-an-do-thay-the-vacxin-quinvaxem-tu-thang-6-a221730.html,text/html; charset=UTF-8,172479,0.77,Văcxin Ấn Độ thay thế văcxin Quinvaxem từ tháng 6 - Báo An G,
baocantho.com.vn,https://baocantho.com.vn/ca-co-dau-trong-suot-a56709.html,200,https://baocantho.com.vn/ca-co-dau-trong-suot-a56709.html,text/html; charset=UTF-8,150632,0.76,Cá có đầu trong suốt - Báo Cần Thơ Online,
baocantho.com.vn,https://baocantho.com.vn/can-trong-voi-benh-lien-quan-duong-tieu-hoa-sau-ky-nghi-tet-a199213.html,200,https://baocantho.com.vn/can-trong-voi-benh-lien-quan-duong-tieu-hoa-sau-ky-nghi-tet-a199213.html,text/html; charset=UTF-8,159372,0.76,Cẩn trọng với bệnh liên quan đường tiêu hóa sau kỳ nghỉ Tết ,
baocantho.com.vn,https://baocantho.com.vn/man-kinh-som-lam-tang-nguy-co-mac-nhieu-benh-man-tinh-a117465.html,200,https://baocantho.com.vn/man-kinh-som-lam-tang-nguy-co-mac-nhieu-benh-man-tinh-a117465.html,text/html; charset=UTF-8,153759,0.56,"Mãn kinh sớm làm tăng nguy cơ
mắc nhiều bệnh mãn tính - Báo",
baochinhphu.vn,https://baochinhphu.vn/hop-tac-nang-cao-chat-luong-cham-soc-nguoi-benh-ung-thu-tai-viet-nam-102250522122016402.htm,200,https://baochinhphu.vn/hop-tac-nang-cao-chat-luong-cham-soc-nguoi-benh-ung-thu-tai-viet-nam-10225052,text/html; charset=utf-8,336943,0.36,Hợp tác nâng cao chất lượng chăm sóc người bệnh ung thư tại ,
baochinhphu.vn,https://baochinhphu.vn/khong-de-gian-doan-cong-tac-y-te-khi-ung-pho-voi-thien-tai-102250612145528092.htm,200,https://baochinhphu.vn/khong-de-gian-doan-cong-tac-y-te-khi-ung-pho-voi-thien-tai-102250612145528092,text/html; charset=utf-8,332741,0.51,Không để gián đoạn công tác y tế khi xảy ra thiên tai,
baochinhphu.vn,https://baochinhphu.vn/lanh-dao-bo-noi-vu-noi-ve-bien-che-chinh-sach-dai-ngo-doi-voi-can-bo-nhan-vien-y-te-119220821184644757.htm,200,https://xaydungchinhsach.chinhphu.vn/lanh-dao-bo-noi-vu-noi-ve-bien-che-chinh-sach-dai-ngo-doi-voi-c,text/html; charset=utf-8,542664,0.76,"Bộ Nội vụ nói về biên chế, chính sách đãi ngộ nhân viên y tế",
baodanang.vn,https://baodanang.vn/ngay-16-8-ghi-nhan-so-ca-covid-19-cao-nhat-trong-vong-96-ngay-qua-3245767.html,200,https://baodanang.vn/ngay-16-8-ghi-nhan-so-ca-covid-19-cao-nhat-trong-vong-96-ngay-qua-3245767.html,text/html; charset=utf-8,103351,0.46,Ng&#224;y 16-8: Ghi nhận số ca Covid-19 cao nhất trong v&#24,
baodanang.vn,https://baodanang.vn/nguy-co-chan-thuong-so-nao-o-tre-em-3239486.html,200,https://baodanang.vn/nguy-co-chan-thuong-so-nao-o-tre-em-3239486.html,text/html; charset=utf-8,105352,0.5,Nguy cơ chấn thương sọ n&#227;o ở trẻ em,
baodanang.vn,https://baodanang.vn/them-6-benh-nhan-covid-19-moi-tat-ca-deu-tu-benh-vien-bach-mai-3242237.html,200,https://baodanang.vn/them-6-benh-nhan-covid-19-moi-tat-ca-deu-tu-benh-vien-bach-mai-3242237.html,text/html; charset=utf-8,105001,0.5,"Th&#234;m 6 bệnh nh&#226;n Covid-19 mới, tất cả đều từ Bệnh ",
baogialai.com.vn,https://baogialai.com.vn/bac-si-ivf-viet-nam-duoc-moi-bien-soan-sach-thu-tinh-ong-nghiem-the-gioi-post259080.html,200,https://baogialai.com.vn/bac-si-ivf-viet-nam-duoc-moi-bien-soan-sach-thu-tinh-ong-nghiem-the-gioi-po,text/html;charset=utf-8,227974,0.41,Bác sĩ IVF Việt Nam được mời biên soạn sách thụ tinh ống ngh,
baogialai.com.vn,https://baogialai.com.vn/trien-khai-cho-tre-duoi-1-tuoi-uong-vac-xin-rota-phong-benh-tieu-chay-cap-post340796.html,200,https://baogialai.com.vn/trien-khai-cho-tre-duoi-1-tuoi-uong-vac-xin-rota-phong-benh-tieu-chay-cap-p,text/html;charset=utf-8,217913,0.38,Triển khai cho trẻ dưới 1 tuổi uống vắc xin Rota phòng bệnh ,
baogialai.com.vn,https://baogialai.com.vn/who-canh-bao-nguy-co-lay-lan-vi-rut-chikungunya-post561337.html,200,https://baogialai.com.vn/who-canh-bao-nguy-co-lay-lan-vi-rut-chikungunya-post561337.html,text/html;charset=utf-8,220542,0.45,WHO cảnh báo nguy cơ lây lan vi rút chikungunya,
baohaiphong.vn,https://baohaiphong.vn/me-cua-ca-benh-que-gia-loc-co-ket-qua-am-tinh-lan-1-191615.html,200,https://baohaiphong.vn/me-cua-ca-benh-que-gia-loc-co-ket-qua-am-tinh-lan-1-191615.html,text/html; charset=utf-8,100256,0.24,Mẹ của ca bệnh&#160;qu&#234; Gia Lộc c&#243; kết quả &#226;m,
baohaiphong.vn,https://baohaiphong.vn/ty-le-tre-beo-phi-tren-the-gioi-tang-gap-10-lan-trong-4-thap-ky-qua-427219.html,200,https://baohaiphong.vn/ty-le-tre-beo-phi-tren-the-gioi-tang-gap-10-lan-trong-4-thap-ky-qua-427219.ht,text/html; charset=utf-8,74153,0.28,Tỷ lệ trẻ b&#233;o ph&#236; tr&#234;n thế giới tăng gấp 10 l,
baohaiphong.vn,https://baohaiphong.vn/uy-ban-mttq-tinh-hai-duong-phan-bien-chinh-sach-dong-bao-hiem-y-te-cho-nguoi-cao-tuoi-346701.html,200,https://baohaiphong.vn/uy-ban-mttq-tinh-hai-duong-phan-bien-chinh-sach-dong-bao-hiem-y-te-cho-nguoi-,text/html; charset=utf-8,74788,0.29,Ủy ban MTTQ tỉnh Hải Dương phản biện ch&#237;nh s&#225;ch đ&,
baolangson.vn,https://baolangson.vn/dot-quy-ngay-cang-tre-hoa-5057455.html,200,https://baolangson.vn/dot-quy-ngay-cang-tre-hoa-5057455.html,text/html; charset=UTF-8,151738,1.74,Đột quỵ ng&agrave;y c&agrave;ng trẻ ho&aacute; - B&aacute;o ,
baolangson.vn,https://baolangson.vn/tam-khuya-thoi-quen-gay-nguy-co-dot-quy-5032378.html,200,https://baolangson.vn/tam-khuya-thoi-quen-gay-nguy-co-dot-quy-5032378.html,text/html; charset=UTF-8,152323,1.68,Tắm khuya &ndash; Th&oacute;i quen g&acirc;y nguy cơ đột quỵ,
baolangson.vn,https://baolangson.vn/trien-khai-chien-dich-tiem-chung-vac-xin-phong-chong-dich-soi-5041789.html,200,https://baolangson.vn/trien-khai-chien-dich-tiem-chung-vac-xin-phong-chong-dich-soi-5041789.html,text/html; charset=UTF-8,148441,1.76,Quyết t&acirc;m ho&agrave;n th&agrave;nh chiến dịch ti&ecirc,
baonghean.vn,https://baonghean.vn/11-thuc-pham-nen-an-de-xuong-ban-luon-chac-khoe-10017637.html,200,https://baonghean.vn/11-thuc-pham-nen-an-de-xuong-ban-luon-chac-khoe-10017637.html,text/html; charset=utf-8,108691,0.38,11 thực phẩm nên ăn để xương bạn luôn chắc khỏe,
baonghean.vn,https://baonghean.vn/bat-ngo-voi-cong-dung-chua-viem-hong-bong-nhe-cua-hoa-muoi-gio-10123403.html,200,https://baonghean.vn/bat-ngo-voi-cong-dung-chua-viem-hong-bong-nhe-cua-hoa-muoi-gio-10123403.html,text/html; charset=utf-8,105435,0.38,"Bất ngờ với công dụng chữa viêm họng, bỏng nhẹ của hoa mười ",
baonghean.vn,https://baonghean.vn/xa-quynh-trang-tx-hoang-mai-dat-bo-tieu-chi-quoc-gia-ve-y-te-10071590.html,200,https://baonghean.vn/xa-quynh-trang-tx-hoang-mai-dat-bo-tieu-chi-quoc-gia-ve-y-te-10071590.html,text/html; charset=utf-8,108867,0.38,Xã Quỳnh Trang (TX Hoàng Mai) đạt bộ tiêu chí Quốc gia về y ,
baophutho.vn,https://baophutho.vn/bi-quyet-chuan-bi-bua-sang-lanh-manh-giau-dinh-duong-cho-gia-dinh-237556.htm,200,https://baophutho.vn/bi-quyet-chuan-bi-bua-sang-lanh-manh-giau-dinh-duong-cho-gia-dinh-237556.htm,text/html; charset=utf-8,63734,0.43,Bí quyết chuẩn bị bữa sáng lành mạnh giàu dinh dưỡng cho gia,
baophutho.vn,https://baophutho.vn/meo-ra-dong-va-ran-nem-gion-tan-giu-tron-dinh-duong-248103.htm,200,https://baophutho.vn/meo-ra-dong-va-ran-nem-gion-tan-giu-tron-dinh-duong-248103.htm,text/html; charset=utf-8,53031,0.38,"Mẹo rã đông và rán nem giòn tan, giữ trọn dinh dưỡng",
baophutho.vn,https://baophutho.vn/san-day-co-tot-cho-nguoi-benh-tim-mach-231418.htm,200,https://baophutho.vn/san-day-co-tot-cho-nguoi-benh-tim-mach-231418.htm,text/html; charset=utf-8,62944,0.41,Sắn dây có tốt cho người bệnh tim mạch?,
baoquangninh.vn,https://baoquangninh.vn/can-tim-hieu-ky-thong-tin-ve-nguon-goc-san-pham-co-so-san-xuat-truoc-khi-mua-hang-2498785.html,200,https://baoquangninh.vn/can-tim-hieu-ky-thong-tin-ve-nguon-goc-san-pham-co-so-san-xuat-truoc-khi-mua,text/html;charset=utf-8,76280,0.43,"Cần tìm hiểu kỹ thông tin về nguồn gốc sản phẩm, cơ sở sản x",
baoquangninh.vn,https://baoquangninh.vn/nganh-y-va-nhung-gian-truan-chua-noi-phia-sau-mot-cong-viec-vinh-quang-2472658.html,200,https://baoquangninh.vn/nganh-y-va-nhung-gian-truan-chua-noi-phia-sau-mot-cong-viec-vinh-quang-24726,text/html;charset=utf-8,73987,0.41,Ngành Y và những gian truân chưa nói phía sau một công việc ,
baoquangninh.vn,https://baoquangninh.vn/niem-vui-ngay-thay-thuoc-viet-nam-27-2-ky-tich-dieu-tri-thanh-cong-cho-tre-mac-ung-thu-phuc-tap-3397715.html,200,https://baoquangninh.vn/niem-vui-ngay-thay-thuoc-viet-nam-27-2-ky-tich-dieu-tri-thanh-cong-cho-tre-m,text/html;charset=utf-8,78693,0.4,Niềm vui Ngày Thầy thuốc Việt Nam 27-2: Kỳ tích điều trị thà,
baoquangtri.vn,https://baoquangtri.vn/suc-khoe/201811/bao-dong-gia-tang-benh-ung-thu-da-cua-nam-gioi-tai-nhung-nuoc-giau-2161625/,200,https://baoquangtri.vn/suc-khoe/201811/bao-dong-gia-tang-benh-ung-thu-da-cua-nam-gioi-tai-nhung-nuoc,text/html; charset=UTF-8,47947,0.51,Báo động gia tăng bệnh ung thư da của nam giới tại những nướ,
baoquangtri.vn,https://baoquangtri.vn/suc-khoe/202203/bo-y-te-se-tiem-vaccine-phong-covid-19-cho-tre-em-tu-thang-tu-2198952/,200,https://baoquangtri.vn/suc-khoe/202203/bo-y-te-se-tiem-vaccine-phong-covid-19-cho-tre-em-tu-thang-tu,text/html; charset=UTF-8,47646,0.54,Bộ Y tế: Sẽ tiêm vaccine phòng COVID-19 cho trẻ em từ tháng ,
baoquangtri.vn,https://baoquangtri.vn/suc-khoe/202302/who-duy-tri-muc-canh-bao-cao-nhat-doi-voi-dich-dau-mua-khi-2207223/,200,https://baoquangtri.vn/suc-khoe/202302/who-duy-tri-muc-canh-bao-cao-nhat-doi-voi-dich-dau-mua-khi-22,text/html; charset=UTF-8,47552,0.5,WHO duy trì mức cảnh báo cao nhất đối với dịch đậu mùa khỉ -,
baotayninh.vn,https://baotayninh.vn/goi-dau-bao-nhieu-lan-mot-tuan-la-tot-nhat-138307.html,200,https://baotayninh.vn/goi-dau-bao-nhieu-lan-mot-tuan-la-tot-nhat-138307.html,text/html; charset=UTF-8,160323,0.46,Gội đầu bao nhiêu lần một tuần là tốt nhất?,
baotayninh.vn,https://baotayninh.vn/hoi-chung-ue-oai-sau-tet-khi-tinh-than-chua-san-sang-quay-lai-lam-viec-139723.html,200,https://baotayninh.vn/hoi-chung-ue-oai-sau-tet-khi-tinh-than-chua-san-sang-quay-lai-lam-viec-139723.,text/html; charset=UTF-8,164613,0.45,Hội chứng uể oải sau Tết: Khi tinh thần chưa sẵn sàng quay l,
baotayninh.vn,https://baotayninh.vn/long-an-huong-ung-ngay-asean-phong-chong-sot-xuat-huyet-108314.html,200,https://baotayninh.vn/long-an-huong-ung-ngay-asean-phong-chong-sot-xuat-huyet-108314.html,text/html; charset=UTF-8,159003,0.48,"Long An hưởng ứng “ngày ASEAN phòng, chống sốt xuất huyết”.",
baothanhhoa.vn,https://baothanhhoa.vn/bo-y-te-khong-de-xay-ra-thieu-thuoc-tang-gia-dot-bien-do-anh-huong-bao-lu-263676.htm,200,https://baothanhhoa.vn/bo-y-te-khong-de-xay-ra-thieu-thuoc-tang-gia-dot-bien-do-anh-huong-bao-lu-263,text/html; charset=utf-8,83388,0.36,"Bộ Y tế: Không để xảy ra thiếu thuốc, tăng giá đột biến do ả",
baothanhhoa.vn,https://baothanhhoa.vn/dai-hoi-dai-bieu-cong-doan-co-so-benh-vien-nhi-thanh-hoa-269356.htm,200,https://baothanhhoa.vn/dai-hoi-dai-bieu-cong-doan-co-so-benh-vien-nhi-thanh-hoa-269356.htm,text/html; charset=utf-8,82773,0.29,Đại hội đại biểu Công đoàn cơ sở Bệnh viện Nhi Thanh Hóa,
baothanhhoa.vn,https://baothanhhoa.vn/thong-tin-chinh-thuc-ve-viec-tan-soi-laser-trong-thoi-gian-may-bi-hong-262060.htm,200,https://baothanhhoa.vn/thong-tin-chinh-thuc-ve-viec-tan-soi-laser-trong-thoi-gian-may-bi-hong-262060,text/html; charset=utf-8,83820,0.28,Thông tin chính thức về việc “tán sỏi laser trong thời gian ,
baovinhlong.com.vn,https://baovinhlong.com.vn/thoi-su/202002/bo-y-te-hop-khan-ve-phong-chong-dich-covid-19-2990735/,200,https://baovinhlong.com.vn/thoi-su/202002/bo-y-te-hop-khan-ve-phong-chong-dich-covid-19-2990735/,text/html; charset=UTF-8,44396,0.43,"Bộ Y tế họp khẩn về phòng, chống dịch COVID-19 - Vĩnh Long O",
baovinhlong.com.vn,https://baovinhlong.com.vn/xa-hoi/y-te/201406/dau-hieu-canh-bao-ung-thu-am-dao-2570194/,200,https://baovinhlong.com.vn/xa-hoi/y-te/201406/dau-hieu-canh-bao-ung-thu-am-dao-2570194/,text/html; charset=UTF-8,47429,0.48,Dấu hiệu cảnh báo ung thư âm đạo  - Vĩnh Long Online,
baovinhlong.com.vn,https://baovinhlong.com.vn/xa-hoi/y-te/201701/ty-le-nguoi-tham-gia-bhyt-toan-dan-chiem-7784-2772876/,200,https://baovinhlong.com.vn/xa-hoi/y-te/201701/ty-le-nguoi-tham-gia-bhyt-toan-dan-chiem-7784-2772876/,text/html; charset=UTF-8,44770,0.48,"Tỷ lệ người tham gia BHYT toàn dân chiếm 77,84% - Vĩnh Long ",
benhviennhitrunguong.gov.vn,https://benhviennhitrunguong.gov.vn/huong-dan-cham-soc-cho-benh-nhi-sau-phau-thuat.html,200,https://benhviennhitrunguong.gov.vn/huong-dan-cham-soc-cho-benh-nhi-sau-phau-thuat.html,text/html; charset=UTF-8,317144,0.35,Hướng dẫn chăm sóc cho bệnh nhi sau phẫu thuật - Bệnh viện N,
benhviennhitrunguong.gov.vn,https://benhviennhitrunguong.gov.vn/huong-ung-ngay-tim-bam-sinh-the-gioi-14-2-trai-tim-be-nho-tinh-than-manh-me.html,200,https://benhviennhitrunguong.gov.vn/huong-ung-ngay-tim-bam-sinh-the-gioi-14-2-trai-tim-be-nho-tinh-t,text/html; charset=UTF-8,315861,0.26,Hưởng ứng Ngày Tim bẩm sinh Thế giới (14/2): Trái tim bé nhỏ,
benhviennhitrunguong.gov.vn,https://benhviennhitrunguong.gov.vn/tat-khuc-xa.html,200,https://benhviennhitrunguong.gov.vn/tat-khuc-xa.html,text/html; charset=UTF-8,309219,0.35,TẬT KHÚC XẠ,
benhvienvietduc.org,https://benhvienvietduc.org/canh-bao-nhieu-nguoi-gap-chan-thuong-tap-thao-nhung-khong-dieu-tri-dung-cach.html,200,https://benhvienvietduc.org/canh-bao-nhieu-nguoi-gap-chan-thuong-tap-thao-nhung-khong-dieu-tri-dung-,text/html; charset=UTF-8,70075,5.44,Cảnh báo: Nhiều người gặp chấn thương do tập thể thao nhưng ,
benhvienvietduc.org,https://benhvienvietduc.org/che-dinh-duong-cho-nguoi-benh-chan-thuong-nao.html,200,https://benhvienvietduc.org/che-dinh-duong-cho-nguoi-benh-chan-thuong-nao.html,text/html; charset=UTF-8,73013,5.41,Chế độ dinh dưỡng cho người bệnh chấn thương sọ não - Bệnh v,
benhvienvietduc.org,https://benhvienvietduc.org/dieu-tri-suy-gian-tinh-mach-nong-chi-duoi-va-nhung-dieu-can-biet.html,200,https://benhvienvietduc.org/dieu-tri-suy-gian-tinh-mach-nong-chi-duoi-va-nhung-dieu-can-biet.html,text/html; charset=UTF-8,78118,5.67,Điều trị suy giãn tĩnh mạch nông chi dưới và những điều cần ,
bingli.iiyi.com,https://bingli.iiyi.com/show/31114-1.html,521,https://bingli.iiyi.com/show/31114-1.html,,0,0.95,,
bingli.iiyi.com,https://bingli.iiyi.com/show/55364-1.html,521,https://bingli.iiyi.com/show/55364-1.html,,0,0.95,,
bingli.iiyi.com,https://bingli.iiyi.com/show/57669-1.html,-1,,,0,40.77,,TimeoutError: 
byby.39.net,http://byby.39.net/a/2010115/1527673.html,200,https://byby.39.net/a/2010115/1527673.html,text/html;charset=UTF-8,42245,1.32,输卵管性不孕是如何发生的_39健康网_不孕不育,
byby.39.net,http://byby.39.net/a/201096/1472543.html,200,https://byby.39.net/a/201096/1472543.html,text/html;charset=UTF-8,41913,1.56,孕酮低 流产后何时再孕？_39健康网_不孕不育,
byby.39.net,http://byby.39.net/a/231008/q2hfi0h.html,200,https://byby.39.net/a/231008/q2hfi0h.html,text/html;charset=UTF-8,38618,1.36,男性不育的日常预防方法_39健康网_不孕不育,
cancer.39.net,http://cancer.39.net/a/2011812/1776936.html,200,https://cancer.39.net/a/2011812/1776936.html,text/html;charset=UTF-8,59043,1.59,警惕脂肪肝演化成肝癌_39健康网_癌症,
cancer.39.net,https://cancer.39.net/a/150728/4664410.html,200,https://cancer.39.net/a/150728/4664410.html,text/html;charset=UTF-8,41712,1.04,什么原因会引起胃癌？_39健康网_癌症,
cancer.39.net,https://cancer.39.net/a/260706/q9wnjw3.html,200,https://cancer.39.net/a/260706/q9wnjw3.html,text/html;charset=UTF-8,38611,0.91,胆囊癌症状早期症状_39健康网_癌症,
care.39.net,http://care.39.net/a/181218/6730065.html,200,https://care.39.net/a/181218/6730065.html,text/html;charset=UTF-8,43338,1.56,下雪天 老慢支”患者如何过冬_39健康网_保健,
care.39.net,http://care.39.net/a/200210/7781858.html,200,https://care.39.net/a/200210/7781858.html,text/html;charset=UTF-8,38228,1.59,子宫下垂是什么造成的_39健康网_保健,
care.39.net,http://care.39.net/a/2010820/1447509.html,200,https://care.39.net/a/2010820/1447509.html,text/html;charset=UTF-8,40372,0.73,宝宝拉水样便是乳糖不耐受症吗_39健康网_保健,
dantri.com.vn,https://dantri.com.vn/suc-khoe/3-ngay-ap-dung-he-thong-moi-so-y-te-tphcm-nhan-16-phan-anh-cua-nguoi-dan-20251226065751789.htm,200,https://dantri.com.vn/suc-khoe/3-ngay-ap-dung-he-thong-moi-so-y-te-tphcm-nhan-16-phan-anh-cua-nguoi-,text/html; charset=utf-8,530015,0.4,"3 ngày áp dụng hệ thống mới, Sở Y tế TPHCM nhận 16 phản ánh ",
dantri.com.vn,https://dantri.com.vn/suc-khoe/co-gai-19-tuoi-ba-lan-soc-nang-suyt-qua-doi-vi-sot-xuat-huyet-20251119104506201.htm,200,https://dantri.com.vn/suc-khoe/co-gai-19-tuoi-ba-lan-soc-nang-suyt-qua-doi-vi-sot-xuat-huyet-2025111,text/html; charset=utf-8,524433,0.44,"Cô gái 19 tuổi ba lần sốc nặng, suýt qua đời vì sốt xuất huy",
dantri.com.vn,https://dantri.com.vn/suc-khoe/virus-adeno-khien-6-tre-tu-vong-nguy-hiem-muc-nao-lam-sao-de-phong-benh-20220920105519309.htm,200,https://dantri.com.vn/suc-khoe/virus-adeno-khien-6-tre-tu-vong-nguy-hiem-muc-nao-lam-sao-de-phong-be,text/html; charset=utf-8,539425,0.47,"Virus Adeno khiến 6 trẻ tử vong nguy hiểm mức nào, làm sao đ",
ek.39.net,http://ek.39.net/a/140908/4465014.html,200,https://ek.39.net/a/140908/4465014.html,text/html;charset=UTF-8,40683,1.52,新生儿常抽风警惕脑出血_39健康网_儿科,
ek.39.net,http://ek.39.net/a/190107/6765514.html,200,https://ek.39.net/a/190107/6765514.html,text/html;charset=UTF-8,47081,1.69,娃的这些病不好好治，当心以后变成“精神病”！_39健康网_儿科,
ek.39.net,http://ek.39.net/a/20101126/1553795.html,200,https://ek.39.net/a/20101126/1553795.html,text/html;charset=UTF-8,45665,1.37,秋冬季儿童腹泻 提防闯入十大护理误区_39健康网_儿科,
fitness.39.net,http://fitness.39.net/a/2010624/1352024.html,200,https://fitness.39.net/a/2010624/1352024.html,text/html;charset=UTF-8,34780,1.36,面部吸脂术 吸走脂肪留下美_39健康网_减肥,
fitness.39.net,http://fitness.39.net/a/201173/1737655.html,200,https://image.39.net/verify.html?referer=https://fitness.39.net/a/201173/1737655.html,text/html,2287,2.58,39健康,
fitness.39.net,http://fitness.39.net/a/210623/9096418.html,200,https://fitness.39.net/a/210623/9096418.html,text/html;charset=UTF-8,35552,1.43,高抬腿可以瘦腿吗？7天瘦成筷子腿5个动作_39健康网_减肥,
fk.39.net,http://fk.39.net/a/200107/7741556.html,200,https://image.39.net/verify.html?referer=https://fk.39.net/a/200107/7741556.html,text/html,2287,3.02,39健康,
fk.39.net,http://fk.39.net/a/2010811/1439864.html,200,https://image.39.net/verify.html?referer=https://fk.39.net/a/2010811/1439864.html,text/html,2287,3.2,39健康,
fk.39.net,http://fk.39.net/a/201149/1658859.html,200,https://image.39.net/verify.html?referer=https://fk.39.net/a/201149/1658859.html,text/html,2287,2.26,39健康,
fk.99.com.cn,http://fk.99.com.cn/news/410997.html,200,https://fk.99.com.cn/news/410997.html,text/html,101027,1.82,Ů˾ڲ14___99,
food.39.net,http://food.39.net/a/121208/4093170.html,200,https://food.39.net/a/121208/4093170.html,text/html;charset=UTF-8,40065,1.47,路边摊早餐也能变健康_39健康网_饮食,
food.39.net,http://food.39.net/a/121210/4093974.html,200,https://food.39.net/a/121210/4093974.html,text/html;charset=UTF-8,36583,1.48,腹泻时慎食坚果_39健康网_饮食,
food.39.net,http://food.39.net/a/150916/4696928.html,200,https://food.39.net/a/150916/4696928.html,text/html;charset=UTF-8,39347,1.48,芹菜降压！六种食物辅治小病_39健康网_饮食,
gan.39.net,http://gan.39.net/a/160408/4814499.html,200,https://gan.39.net/a/160408/4814499.html,text/html;charset=UTF-8,40331,1.31,肝硬化遗传 肝硬化可以遗传吗_39健康网_肝病,
gan.39.net,http://gan.39.net/a/160722/4905768.html,200,https://gan.39.net/a/160722/4905768.html,text/html;charset=UTF-8,37818,1.4,肝病怎么引起的 如何有效治疗肝病_39健康网_肝病,
gan.39.net,http://gan.39.net/a/201174/1738401.html,200,https://gan.39.net/a/201174/1738401.html,text/html;charset=UTF-8,51334,1.4,酒精肝中医治疗有妙招_39健康网_肝病,
gc.39.net,http://gc.39.net/a/110419/1655187.html,200,https://gc.39.net/a/110419/1655187.html,text/html;charset=UTF-8,45283,1.48,喝茶防便秘有效预防肛裂_39健康网_肛肠科,
gc.39.net,http://gc.39.net/a/2011617/1723257.html,200,https://image.39.net/verify.html?referer=https://gc.39.net/a/2011617/1723257.html,text/html,2287,2.1,39健康,
gc.39.net,http://gc.39.net/a/240501/j6oxvvi.html,200,https://image.39.net/verify.html?referer=https://gc.39.net/a/240501/j6oxvvi.html,text/html,2287,2.88,39健康,
giadinhonline.vn,https://giadinhonline.vn/cach-cham-soc-tre-moi-om-day-d111973.html,200,https://giadinhonline.vn/cach-cham-soc-tre-moi-om-day-d111973.html,text/html; charset=utf-8,123844,0.15,Cách chăm sóc trẻ mới ốm dậy,
giadinhonline.vn,https://giadinhonline.vn/khop-tay-chan-cua-nam-thanh-nien-23-tuoi-bien-dang-nang-vi-bien-chung-cua-benh-gut-d210321.html,200,https://giadinhonline.vn/khop-tay-chan-cua-nam-thanh-nien-23-tuoi-bien-dang-nang-vi-bien-chung-cua-b,text/html; charset=utf-8,133133,0.15,"Khớp tay, chân của nam thanh niên 23 tuổi 'biến dạng' nặng v",
giadinhonline.vn,https://giadinhonline.vn/nhung-tai-nan-rinh-rap-tre-trong-ngay-he-cha-me-cho-lo-la-keo-mat-con-d128371.html,200,https://giadinhonline.vn/nhung-tai-nan-rinh-rap-tre-trong-ngay-he-cha-me-cho-lo-la-keo-mat-con-d1283,text/html; charset=utf-8,131811,0.26,"Những tai nạn rình rập trẻ trong ngày hè, cha mẹ chớ lơ là k",
gk.39.net,http://gk.39.net/a/101028/1525940.html,200,https://image.39.net/verify.html?referer=https://gk.39.net/a/101028/1525940.html,text/html,2287,1.83,39健康,
gk.39.net,http://gk.39.net/a/110808/1764667.html,200,https://image.39.net/verify.html?referer=https://gk.39.net/a/110808/1764667.html,text/html,2287,2.65,39健康,
gk.39.net,http://gk.39.net/a/231014/14271786.html,200,https://image.39.net/verify.html?referer=https://gk.39.net/a/231014/14271786.html,text/html,2287,2.12,39健康,
hanoimoi.vn,https://hanoimoi.vn/benh-vien-tuyen-cuoi-quyet-tam-3-khong-san-sang-vi-mot-mua-xuan-an-toan-733805.html,200,https://hanoimoi.vn/benh-vien-tuyen-cuoi-quyet-tam-3-khong-san-sang-vi-mot-mua-xuan-an-toan-733805.h,text/html; charset=utf-8,100978,0.17,"Bệnh viện tuyến cuối quyết t&#226;m “3 kh&#244;ng”, sẵn s&#2",
hanoimoi.vn,https://hanoimoi.vn/dai-tuong-trinh-van-quyet-tham-chuc-mung-bo-y-te-va-vien-y-hoc-co-truyen-quan-doi-734938.html,200,https://hanoimoi.vn/dai-tuong-trinh-van-quyet-tham-chuc-mung-bo-y-te-va-vien-y-hoc-co-truyen-quan-do,text/html; charset=utf-8,99468,0.12,"Đại tướng Trịnh Văn Quyết thăm, ch&#250;c mừng Bộ Y tế v&#22",
hanoimoi.vn,https://hanoimoi.vn/tang-cuong-phong-chong-dich-benh-dot-cao-diem-phuc-vu-ky-niem-80-nam-cach-mang-thang-tam-va-quoc-khanh-2-9-711614.html,200,https://hanoimoi.vn/tang-cuong-phong-chong-dich-benh-dot-cao-diem-phuc-vu-ky-niem-80-nam-cach-mang-t,text/html; charset=utf-8,114925,0.13,"Tăng cường ph&#242;ng, chống dịch bệnh đợt cao điểm phục vụ ",
health.people.com.cn,http://health.people.com.cn/n1/2025/0523/c14739-40486090.html,200,http://health.people.com.cn/n1/2025/0523/c14739-40486090.html,text/html,37487,0.56,食养有智慧 药膳护健康--健康·生活--人民网,
health.people.com.cn,http://health.people.com.cn/n1/2026/0213/c14739-40665421.html,200,http://health.people.com.cn/n1/2026/0213/c14739-40665421.html,text/html,24481,0.53,1分钟科普站丨手把手教您做年夜饭清炖土鸡 汤鲜肉嫩寓意好--健康·生活--人民网,
health.people.com.cn,http://health.people.com.cn/n1/2026/0622/c14739-40744575.html,200,http://health.people.com.cn/n1/2026/0622/c14739-40744575.html,text/html,42890,0.59,两个AI模型实现诊断到治疗全面管理--健康·生活--人民网,
heart.39.net,http://heart.39.net/a/170209/5216716.html,200,https://image.39.net/verify.html?referer=https://heart.39.net/a/170209/5216716.html,text/html,2287,2.76,39健康,
heart.39.net,http://heart.39.net/a/2010927/1489916.html,200,https://image.39.net/verify.html?referer=https://heart.39.net/a/2010927/1489916.html,text/html,2287,1.81,39健康,
heart.39.net,http://heart.39.net/a/2012112/1879301.html,200,https://image.39.net/verify.html?referer=https://heart.39.net/a/2012112/1879301.html,text/html,2287,1.83,39健康,
hellobacsi.com,https://hellobacsi.com/da-lieu/cham-soc-da/thuc-pham-da-dau-nen-tranh-xa/,200,https://hellobacsi.com/da-lieu/cham-soc-da/thuc-pham-da-dau-nen-tranh-xa/,text/html; charset=utf-8,578475,2.56,7 loại thực phẩm da dầu nên tránh xa để da trẻ khỏe • Hello ,
hellobacsi.com,https://hellobacsi.com/nuoi-day-con/be-0-1-tuoi/cham-soc-be/tre-2-thang-tuoi-bi-ho/,200,https://hellobacsi.com/nuoi-day-con/nhi-khoa/van-de-ho-hap-tre-em/tre-nho-tre-so-sinh-bi-ho/,text/html; charset=utf-8,690651,1.24,"Trẻ sơ sinh bị ho là do đâu, điều trị thế nào? • Hello Bacsi",
hellobacsi.com,https://hellobacsi.com/ung-thu-ung-buou/lieu-phap-dieu-tri-trung-dich/,200,https://hellobacsi.com/ung-thu-ung-buou/lieu-phap-dieu-tri-trung-dich/,text/html; charset=utf-8,642579,2.37,Liệu pháp điều trị trúng đích: cơ hội chữa trị ung thư vú và,
jb39.com,https://jb39.com/jibing/AiZiBingShiWangMoBingBian252329.htm,200,https://jb39.com/jibing/aizibingshiwangmobingbian252329.htm,text/html; charset=utf-8,58238,0.43,获得性免疫缺陷综合征视网膜病变_获得性免疫缺陷综合征视网膜病变症状、治疗和预防_查疾病_【疾病大全】,
jb39.com,https://jb39.com/jibing/TeFaXingFeiXianWeiHua265998.htm,200,https://jb39.com/jibing/tefaxingfeixianweihua265998.htm,text/html; charset=utf-8,21382,0.51,特发性肺纤维化_特发性肺纤维化症状、治疗和预防_查疾病_【疾病大全】,
jb39.com,https://jb39.com/jibing/YiChuanXingShiWangMoPiLie252319.htm,200,https://jb39.com/jibing/yichuanxingshiwangmopilie252319.htm,text/html; charset=utf-8,14440,1.7,先天性视网膜劈裂症_先天性视网膜劈裂症症状、治疗和预防_查疾病_【疾病大全】,
jbk.39.net,https://jbk.39.net/jiancha/wssb6/,200,https://jbk.39.net/jiancha/wssb6/,text/html; charset=utf-8,46884,0.84,「维生素B6」维生素B6的介绍-检查查询-39疾病百科,
jbk.39.net,https://jbk.39.net/nj1/,200,https://jbk.39.net/nj1/,text/html; charset=utf-8,55452,1.23,「尿精」尿精的症状-治疗-病因-好评专家-疾病查询-39疾病百科,
jbk.39.net,https://jbk.39.net/xtxgjxsjb/,200,https://jbk.39.net/xtxgjxsjb/,text/html; charset=utf-8,50386,0.85,「先天性感觉性神经病」先天性感觉性神经病的症状-治疗-病因-好评专家-疾病查询-39疾病百科,
khoahocphothong.vn,https://khoahocphothong.vn/bo-y-te-huong-dan-thu-tuc-nhap-thuoc-cuu-benh-nhan-ngo-doc-botulinum-248427.html,200,https://tuoitre.vn/khoahocphothong/bo-y-te-huong-dan-thu-tuc-nhap-thuoc-cuu-benh-nhan-ngo-doc-botuli,text/html; charset=utf-8,190235,0.43,Bộ Y tế hướng dẫn thủ tục nhập thuốc cứu bệnh nhân ngộ độc b,
khoahocphothong.vn,https://khoahocphothong.vn/hoi-nghi-xu-huong-moi-trong-dieu-tri-benh-tim-mach-hien-nay-236955.html,200,https://tuoitre.vn/khoahocphothong/hoi-nghi-xu-huong-moi-trong-dieu-tri-benh-tim-mach-hien-nay-10423,text/html; charset=utf-8,191755,0.43,Hội nghị xu hướng mới trong điều trị bệnh tim mạch hiện nay,
khoahocphothong.vn,https://khoahocphothong.vn/vaccine-covid-19-nanocovax-dang-cho-quyet-dinh-cap-phep-khan-cap-236567.html,200,https://tuoitre.vn/khoahocphothong/vaccine-covid-19-nanocovax-dang-cho-quyet-dinh-cap-phep-khan-cap-,text/html; charset=utf-8,193787,0.53,Vaccine COVID-19 Nanocovax đang chờ quyết định cấp phép khẩn,
laodong.vn,https://laodong.vn/dinh-duong-am-thuc/7-tac-dong-doi-voi-co-the-khi-an-hat-moi-ngay-1267947.ldo,200,https://laodong.vn/dinh-duong-am-thuc/7-tac-dong-doi-voi-co-the-khi-an-hat-moi-ngay-1267947.ldo,"text/html; charset=utf-8,gbk",177,0.15,,
laodong.vn,https://laodong.vn/dinh-duong-am-thuc/cach-chon-do-dong-hop-an-toan-cho-nguoi-co-duong-huyet-cao-1456007.ldo,200,https://laodong.vn/dinh-duong-am-thuc/cach-chon-do-dong-hop-an-toan-cho-nguoi-co-duong-huyet-cao-145,"text/html; charset=utf-8,gbk",177,0.09,,
laodong.vn,https://laodong.vn/suc-khoe/6-loi-khuyen-cho-phu-nu-de-giam-mo-bung-va-giu-dang-1177403.ldo,200,https://laodong.vn/suc-khoe/6-loi-khuyen-cho-phu-nu-de-giam-mo-bung-va-giu-dang-1177403.ldo,"text/html; charset=utf-8,gbk",177,0.13,,
man.39.net,http://man.39.net/a/2010421/1239038.html,200,https://image.39.net/verify.html?referer=https://man.39.net/a/2010421/1239038.html,text/html,2287,1.69,39健康,
man.39.net,http://man.39.net/a/2010627/1360420.html,200,https://image.39.net/verify.html?referer=https://man.39.net/a/2010627/1360420.html,text/html,2287,1.47,39健康,
man.39.net,http://man.39.net/a/220919/11812033.html,200,https://image.39.net/verify.html?referer=https://man.39.net/a/220919/11812033.html,text/html,2287,1.58,39健康,
medlatec.vn,https://medlatec.vn/tin-tuc/ly-do-khien-chi-so-hematocrit-tang-va-giai-phap-khac-phuc,200,https://medlatec.vn/tin-tuc/ly-do-khien-chi-so-hematocrit-tang-va-giai-phap-khac-phuc,text/html; charset=utf-8,152229,0.17,Lý do khiến chỉ số Hematocrit tăng và giải pháp khắc phục,
medlatec.vn,https://medlatec.vn/tin-tuc/tim-hieu-quy-trinh-kham-nhanh-gon-khoa-hoc-tai-phong-kham-da-khoa-medlatec-me-linh---s196-n31463,200,https://medlatec.vn/tin-tuc/tim-hieu-quy-trinh-kham-nhanh-gon-khoa-hoc-tai-phong-kham-da-khoa-medlat,text/html; charset=utf-8,153832,0.19,"Tìm hiểu quy trình khám nhanh gọn, khoa học tại Phòng khám Đ",
medlatec.vn,https://medlatec.vn/tin-tuc/xet-nghiem-gen-long-an-tai-medlatec-uy-tin--chinh-xac--bao-mat-s58-n32756,-1,,,0,0.02,,ClientConnectorError: Cannot connect to host medlatec.vn:443 ssl:default [An existing connection was forcibly closed by 
mega.vietnamplus.vn,https://mega.vietnamplus.vn/thai-huong-nu-anh-hung-dam-me-lam-cho-dat-no-hoa-5415.html,200,https://mega.vietnamplus.vn/thai-huong-nu-anh-hung-dam-me-lam-cho-dat-no-hoa-5415.html,text/html; charset=utf-8,62160,0.21,Th&#225;i Hương: Nữ Anh h&#249;ng đam m&#234; l&#224;m cho &,
mega.vietnamplus.vn,https://mega.vietnamplus.vn/theo-chan-nguoi-dan-bien-vien-mien-tay-xu-nghe-xuyen-rung-hai-loc-troi-5412.html,200,https://mega.vietnamplus.vn/theo-chan-nguoi-dan-bien-vien-mien-tay-xu-nghe-xuyen-rung-hai-loc-troi-5,text/html; charset=utf-8,62146,0.21,Theo ch&#226;n người d&#226;n bi&#234;n viễn miền T&#226;y x,
nhandan.vn,https://nhandan.vn/benh-an-dien-tu-la-nen-tang-cot-loi-cua-cuoc-cach-mang-benh-vien-khong-giay-post913822.html,200,https://nhandan.vn/benh-an-dien-tu-la-nen-tang-cot-loi-cua-cuoc-cach-mang-benh-vien-khong-giay-post9,text/html;charset=utf-8,91569,0.19,Bệnh án điện tử là nền tảng cốt lõi của cuộc cách mạng “bệnh,
nhandan.vn,https://nhandan.vn/khat-nguon-nhan-luc-bac-si-noi-tru-post796623.html,200,https://nhandan.vn/khat-nguon-nhan-luc-bac-si-noi-tru-post796623.html,text/html;charset=utf-8,93653,0.2,Khát nguồn nhân lực bác sĩ nội trú,
nhandan.vn,https://nhandan.vn/nghe-an-can-bo-y-te-do-de-cho-san-phu-vung-lu-sinh-con-ngay-tren-duong-post897199.html,200,https://nhandan.vn/nghe-an-can-bo-y-te-do-de-cho-san-phu-vung-lu-sinh-con-ngay-tren-duong-post897199,text/html;charset=utf-8,89086,0.17,Nghệ An: Cán bộ y tế đỡ đẻ cho sản phụ vùng lũ sinh con ngay,
nhathuoclongchau.com.vn,https://nhathuoclongchau.com.vn/bai-viet/cach-nau-chao-bao-ngu-cho-be-thom-ngon-cuc-ki-don-gian-67673.html,403,https://nhathuoclongchau.com.vn/bai-viet/cach-nau-chao-bao-ngu-cho-be-thom-ngon-cuc-ki-don-gian-6767,text/html; charset=UTF-8,5858,0.19,Attention Required! | Cloudflare,
nhathuoclongchau.com.vn,https://nhathuoclongchau.com.vn/bai-viet/quy-trinh-kham-thai-thang-thu-7-va-loi-ich-cua-viec-kham-thai-dinh-ky-me-bau-nen-biet.html,403,https://nhathuoclongchau.com.vn/bai-viet/quy-trinh-kham-thai-thang-thu-7-va-loi-ich-cua-viec-kham-th,text/html; charset=UTF-8,5858,0.11,Attention Required! | Cloudflare,
nhathuoclongchau.com.vn,https://nhathuoclongchau.com.vn/bai-viet/viem-ruot-dai-trang-co-nguyen-nhan-do-dau-40833.html,403,https://nhathuoclongchau.com.vn/bai-viet/viem-ruot-dai-trang-co-nguyen-nhan-do-dau-40833.html,text/html; charset=UTF-8,5858,0.17,Attention Required! | Cloudflare,
nk.39.net,http://nk.39.net/a/141028/4503910.html,200,https://image.39.net/verify.html?referer=https://nk.39.net/a/141028/4503910.html,text/html,2287,1.56,39健康,
nk.39.net,http://nk.39.net/a/180102/5969476.html,200,https://image.39.net/verify.html?referer=https://nk.39.net/a/180102/5969476.html,text/html,2287,1.44,39健康,
nk.39.net,http://nk.39.net/a/20101213/1568253.html,200,https://image.39.net/verify.html?referer=https://nk.39.net/a/20101213/1568253.html,text/html,2287,1.46,39健康,
pf.39.net,http://pf.39.net/a/2011710/1743231.html,200,https://image.39.net/verify.html?referer=https://pf.39.net/a/2011710/1743231.html,text/html,2287,1.59,39健康,
pf.39.net,http://pf.39.net/a/2012110/1878467.html,200,https://image.39.net/verify.html?referer=https://pf.39.net/a/2012110/1878467.html,text/html,2287,1.63,39健康,
pf.39.net,http://pf.39.net/a/2012522/2028764.html,200,https://image.39.net/verify.html?referer=https://pf.39.net/a/2012522/2028764.html,text/html,2287,1.56,39健康,
phunusuckhoe.giadinhonline.vn,https://phunusuckhoe.giadinhonline.vn/bai-bai-vung-da-ram-rap-chi-voi-cach-triet-long-nach-dan-gian-don-gian-nhat-c12a104605.html,200,https://phunusuckhoe.giadinhonline.vn/bai-bai-vung-da-ram-rap-chi-voi-cach-triet-long-nach-dan-gian-,text/html; charset=utf-8,144872,0.36,B&#225;i bai v&#249;ng da &#39;rậm rạp&#39; chỉ với c&#225;c,
phunusuckhoe.giadinhonline.vn,https://phunusuckhoe.giadinhonline.vn/chong-qua-yeu-moi-khi-quan-he-bac-si-nhin-than-hinh-lien-doan-ra-nguyen-nhan-c12a368852.html,200,https://phunusuckhoe.giadinhonline.vn/chong-qua-yeu-moi-khi-quan-he-bac-si-nhin-than-hinh-lien-doan-,text/html; charset=utf-8,157198,0.36,"Chồng qu&#225; &#39;yếu&#39; mỗi khi quan hệ, b&#225;c sĩ nh",
phunusuckhoe.giadinhonline.vn,https://phunusuckhoe.giadinhonline.vn/phuong-phap-co-xua-cuu-song-nguoi-dan-ong-mau-trang-nhu-sua-c12a311045.html,200,https://phunusuckhoe.giadinhonline.vn/phuong-phap-co-xua-cuu-song-nguoi-dan-ong-mau-trang-nhu-sua-c1,text/html; charset=utf-8,141768,0.39,Phương ph&#225;p cổ xưa cứu sống người đ&#224;n &#244;ng &#3,
phuyen.baodaklak.vn,https://phuyen.baodaklak.vn/95/153477/luong-y-chua-gay-xuong-bang-bai-thuoc-gia-truyen/,200,https://phuyen.baodaklak.vn/95/153477/luong-y-chua-gay-xuong-bang-bai-thuoc-gia-truyen/,text/html; charset=UTF-8,138729,0.26,Lương y chữa gãy xương bằng bài thuốc gia truyền - Phú Yên o,
phuyen.baodaklak.vn,https://phuyen.baodaklak.vn/95/241517/tang-he-thong-xet-nghiem-huyet-hoc-tu-dong-cho-benh-vien-da-khoa-phu-yen/,200,https://phuyen.baodaklak.vn/95/241517/tang-he-thong-xet-nghiem-huyet-hoc-tu-dong-cho-benh-vien-da-kh,text/html; charset=UTF-8,134122,0.24,Tặng hệ thống xét nghiệm huyết học tự động cho Bệnh viện Đa ,
phuyen.baodaklak.vn,https://phuyen.baodaklak.vn/95/8048/thanh-lap-ban-xet-duyet-dieu-tri-arv/,200,https://phuyen.baodaklak.vn/95/8048/thanh-lap-ban-xet-duyet-dieu-tri-arv/,text/html; charset=UTF-8,134890,0.23,Thành lập ban xét duyệt điều trị ARV - Phú Yên online,
pmc-ecm-healthblog.beta.pharmacity.io,https://pmc-ecm-healthblog.beta.pharmacity.io/kem-boi-da-yoosun-rau-ma-cong-dung-va-cach-dung/,403,https://pmc-ecm-healthblog.beta.pharmacity.io/kem-boi-da-yoosun-rau-ma-cong-dung-va-cach-dung/,text/html,548,0.42,403 Forbidden,
pmc-ecm-healthblog.beta.pharmacity.io,https://pmc-ecm-healthblog.beta.pharmacity.io/thai-30-tuan-nang-bao-nhieu/,403,https://pmc-ecm-healthblog.beta.pharmacity.io/thai-30-tuan-nang-bao-nhieu/,text/html,548,0.44,403 Forbidden,
pmc-ecm-healthblog.beta.pharmacity.io,https://pmc-ecm-healthblog.beta.pharmacity.io/u-lympho-khong-hodgkin/,403,https://pmc-ecm-healthblog.beta.pharmacity.io/u-lympho-khong-hodgkin/,text/html,548,0.37,403 Forbidden,
qihuangzhishu.com,http://qihuangzhishu.com/1298/161.htm,200,http://qihuangzhishu.com/1298/161.htm,text/html; charset=utf-8,18797,0.61,Ｓ_《四圣悬枢》_中医医论书籍_【岐黄之术】,
qihuangzhishu.com,http://qihuangzhishu.com/336/328.htm,200,http://qihuangzhishu.com/336/328.htm,text/html; charset=utf-8,23377,1.03,天元太乙歌_《古今医统大全》_中医杂集书籍_【岐黄之术】,
qihuangzhishu.com,http://qihuangzhishu.com/989/108.htm,200,http://qihuangzhishu.com/989/108.htm,text/html; charset=utf-8,19568,0.73,术前准备和麻醉_《骨科学》_中医外科书籍_【岐黄之术】,
qy.familydoctor.com.cn,http://qy.familydoctor.com.cn/a/201404/599786.html,200,https://qy.familydoctor.com.cn/a/201404/599786.html,text/html,63707,3.01,αʶ֥ӷָֺ_ͥҽҵ̬Ƶ,
qy.familydoctor.com.cn,http://qy.familydoctor.com.cn/a/201404/599787.html,200,https://qy.familydoctor.com.cn/a/201404/599787.html,text/html,63287,1.99,֥ӷôòźã_ͥҽҵ̬Ƶ,
qy.familydoctor.com.cn,http://qy.familydoctor.com.cn/a/201404/607267.html,200,https://qy.familydoctor.com.cn/a/201404/607267.html,text/html,64515,19.87,ʹ֥ӷ۵Ч_ͥҽҵ̬Ƶ,
shen.39.net,http://shen.39.net/a/140430/4382160.html,200,https://image.39.net/verify.html?referer=https://shen.39.net/a/140430/4382160.html,text/html,2287,1.47,39健康,
shen.39.net,http://shen.39.net/a/180122/6009210.html,200,https://image.39.net/verify.html?referer=https://shen.39.net/a/180122/6009210.html,text/html,2287,1.41,39健康,
shen.39.net,http://shen.39.net/a/201192/1794959.html,200,https://image.39.net/verify.html?referer=https://shen.39.net/a/201192/1794959.html,text/html,2287,1.46,39健康,
sj.39.net,http://sj.39.net/a/121101/4075808.html,200,https://image.39.net/verify.html?referer=https://sj.39.net/a/121101/4075808.html,text/html,2287,1.9,39健康,
sj.39.net,http://sj.39.net/a/140529/4416105.html,200,https://image.39.net/verify.html?referer=https://sj.39.net/a/140529/4416105.html,text/html,2287,2.09,39健康,
sj.39.net,http://sj.39.net/a/2011419/1667294.html,200,https://image.39.net/verify.html?referer=https://sj.39.net/a/2011419/1667294.html,text/html,2287,1.77,39健康,
special.vietnamplus.vn,http://special.vietnamplus.vn/benh_vien_nhan_ai,200,https://special.vietnamplus.vn/2019/12/09/benh_vien_nhan_ai/,text/html; charset=UTF-8,104421,1.16,Tình người ở Nhân Ái &#8211; Mega Story,
suckhoecongdongonline.vn,https://suckhoecongdongonline.vn/chi-thuong-xuyen-len-den-8584-nghin-ty-dong,200,https://suckhoecongdongonline.vn/chi-thuong-xuyen-len-den-8584-nghin-ty-dong,text/html; charset=UTF-8,41384,0.21,"Chi thường xuyên lên đến 858,4 nghìn tỷ đồng | Sức Khỏe Cộng",
suckhoecongdongonline.vn,https://suckhoecongdongonline.vn/quang-binh-co-33-vien-chuc-y-te-xin-thoi-viec-va-chuyen-cong-tac,200,https://suckhoecongdongonline.vn/quang-binh-co-33-vien-chuc-y-te-xin-thoi-viec-va-chuyen-cong-tac,text/html; charset=UTF-8,40203,0.31,Quảng Bình có 33 viên chức y tế xin thôi việc và chuyển công,
suckhoecongdongonline.vn,https://suckhoecongdongonline.vn/thai-nguyen-phat-hien-va-xu-ly-hang-tram-san-pham-thuc-pham-nhap-lau-khong-ro-nguon-goc-xuat-xu-gian-lan-han-su-dung,200,https://suckhoecongdongonline.vn/thai-nguyen-phat-hien-va-xu-ly-hang-tram-san-pham-thuc-pham-nhap-la,text/html; charset=UTF-8,38800,0.23,Thái Nguyên phát hiện và xử lý hàng trăm sản phẩm thực phẩm ,
suckhoedoisong.vn,https://suckhoedoisong.vn/10-bai-tap-don-gian-giup-canh-tay-san-chac-thon-gon-nhanh-chong-169251026110148055.htm,200,https://suckhoedoisong.vn/10-bai-tap-don-gian-giup-canh-tay-san-chac-thon-gon-nhanh-chong-1692510261,text/html; charset=utf-8,606061,0.37,"10 bài tập đơn giản giúp cánh tay săn chắc, thon gọn",
suckhoedoisong.vn,https://suckhoedoisong.vn/cac-bai-thuoc-tri-viem-loet-da-day-ta-trang-16929719.htm,200,https://suckhoedoisong.vn/cac-bai-thuoc-tri-viem-loet-da-day-ta-trang-16929719.htm,text/html; charset=utf-8,588099,0.42,Các bài thuốc trị viêm loét dạ dày - tá tràng,
suckhoedoisong.vn,https://suckhoedoisong.vn/cai-thien-roi-loan-cuong-duong-bang-ket-hop-hai-co-che-tang-dong-luc-tinh-duc-va-tang-kha-nang-cuong-duong-169138542.htm,200,https://suckhoedoisong.vn/cai-thien-roi-loan-cuong-duong-bang-ket-hop-hai-co-che-tang-dong-luc-tinh-,text/html; charset=utf-8,589362,0.28,Cải thiện rối loạn cương dương bằng kết hợp hai cơ chế: Tăng,
suckhoeviet.org.vn,https://suckhoeviet.org.vn/chu-dong-ung-pho-voi-dich-covid-19-18840.html,200,https://suckhoeviet.org.vn/chu-dong-ung-pho-voi-dich-covid-19-18840.html,text/html; charset=utf-8,104490,0.45,Chủ động ứng phó với dịch COVID-19,
suckhoeviet.org.vn,https://suckhoeviet.org.vn/dau-hieu-canh-bao-ung-thu-gan-7454.html,200,https://suckhoeviet.org.vn/dau-hieu-canh-bao-ung-thu-gan-7454.html,text/html; charset=utf-8,103822,0.41,Dấu hiệu cảnh báo ung thư gan,
suckhoeviet.org.vn,https://suckhoeviet.org.vn/tram-y-te-xa-huy-tuong-diem-tua-cham-soc-suc-khoe-cong-dong-vung-cao-15972.html,200,https://suckhoeviet.org.vn/tram-y-te-xa-huy-tuong-diem-tua-cham-soc-suc-khoe-cong-dong-vung-cao-1597,text/html; charset=utf-8,108738,0.44,Trạm Y tế xã Huy Tường - Điểm tựa chăm sóc sức khỏe cộng đồn,
tamanhhospital.vn,https://tamanhhospital.vn/tin-tuc/chang-trai-mac-4-lop-ao-giau-nguc-suot-20-nam/,403,https://tamanhhospital.vn/tin-tuc/chang-trai-mac-4-lop-ao-giau-nguc-suot-20-nam/,text/html; charset=UTF-8,5954,0.18,Just a moment...,
tamanhhospital.vn,https://tamanhhospital.vn/tin-tuc/chu-quan-voi-ung-thu-vi-nghi-tuoi-con-tre/,403,https://tamanhhospital.vn/tin-tuc/chu-quan-voi-ung-thu-vi-nghi-tuoi-con-tre/,text/html; charset=UTF-8,5942,0.14,Just a moment...,
tamanhhospital.vn,https://tamanhhospital.vn/tin-tuc/huong-dan-cach-phat-hien-som-di-tat-thai-nhi/,403,https://tamanhhospital.vn/tin-tuc/huong-dan-cach-phat-hien-som-di-tat-thai-nhi/,text/html; charset=UTF-8,5951,0.12,Just a moment...,
test.pmphai.com,https://test.pmphai.com/jeesitede/appdisease/toPcDetail?sessionId=&knowledgeLibPrefix=disease&id=0001AA100000000EQ8AK,200,https://test.pmphai.com/jeesitede/appdisease/toPcDetail?sessionId=&knowledgeLibPrefix=disease&id=000,text/html;charset=utf-8,100030,20.59,疾病详情-疾病-人卫临床助手-人民卫生出版社,
test.pmphai.com,https://test.pmphai.com/jeesitede/appdisease/toPcDetail?sessionId=&knowledgeLibPrefix=disease&id=17964,-1,,,0,40.62,,TimeoutError: 
test.pmphai.com,https://test.pmphai.com/jeesitede/appdisease/toPcDetail?sessionId=&knowledgeLibPrefix=disease&id=22115,200,https://test.pmphai.com/jeesitede/appdisease/toPcDetail?sessionId=&knowledgeLibPrefix=disease&id=221,text/html;charset=utf-8,97958,3.04,疾病详情-疾病-人卫临床助手-人民卫生出版社,
thanhnien.vn,https://thanhnien.vn/cha-me-khoe-manh-con-cai-hanh-phuc-hon-nho-su-dung-ta-quan-tu-som-185230616173835207.htm,200,https://thanhnien.vn/cha-me-khoe-manh-con-cai-hanh-phuc-hon-nho-su-dung-ta-quan-tu-som-1852306161738,text/html; charset=utf-8,326253,0.38,"Cha mẹ khỏe mạnh, con cái hạnh phúc hơn nhờ sử dụng tã quần ",
thanhnien.vn,https://thanhnien.vn/cuu-song-cau-be-bi-dinh-oc-cam-sau-vao-so-185730232.htm,200,https://thanhnien.vn/cuu-song-cau-be-bi-dinh-oc-cam-sau-vao-so-185730232.htm,text/html; charset=utf-8,322562,0.49,Cứu sống cậu bé bị đinh ốc cắm sâu vào sọ,
thanhnien.vn,https://thanhnien.vn/de-tang-co-hoi-hoi-phuc-khi-dot-quy-185312043.htm,200,https://thanhnien.vn/de-tang-co-hoi-hoi-phuc-khi-dot-quy-185312043.htm,text/html; charset=utf-8,312963,0.18,Để tăng cơ hội hồi phục khi đột quỵ,
thaythuocvietnam.vn,https://thaythuocvietnam.vn/be-10-thang-tuoi-co-dung-duoc-quat-ngam-voi-mat-ong-khong/,200,https://thaythuocvietnam.vn,text/html; charset=UTF-8,231806,0.74,Trang chủ - Thầy Thuốc Việt Nam,
thaythuocvietnam.vn,https://thaythuocvietnam.vn/duong-da-ban-dem/,200,https://thaythuocvietnam.vn,text/html; charset=UTF-8,231806,0.77,Trang chủ - Thầy Thuốc Việt Nam,
thaythuocvietnam.vn,https://thaythuocvietnam.vn/thoai-hoa-cot-song-co-benh-rat-thuong-gap/,200,https://thaythuocvietnam.vn,text/html; charset=UTF-8,231806,0.77,Trang chủ - Thầy Thuốc Việt Nam,
tiemchunglongchau.com.vn,https://tiemchunglongchau.com.vn/kien-thuc-tiem-chung/bi-sung-mat-la-gi-nguyen-nhan-va-bien-phap-khac-phuc,200,https://tiemchunglongchau.com.vn/kien-thuc-tiem-chung/bi-sung-mat-la-gi-nguyen-nhan-va-bien-phap-kha,text/html; charset=utf-8,297999,0.15,Nguyên nhân và biện pháp khắc phục tình trạng bị sưng mặt,
tiemchunglongchau.com.vn,https://tiemchunglongchau.com.vn/kien-thuc-tiem-chung/thang-cuoi-moi-tuan-thai-nhi-tang-bao-nhieu-gam,200,https://tiemchunglongchau.com.vn/kien-thuc-tiem-chung/thang-cuoi-moi-tuan-thai-nhi-tang-bao-nhieu-ga,text/html; charset=utf-8,293112,0.2,Thắc mắc: Tháng cuối mỗi tuần thai nhi tăng bao nhiêu gam?,
tiemchunglongchau.com.vn,https://tiemchunglongchau.com.vn/kien-thuc-tiem-chung/tieu-chay,200,https://tiemchunglongchau.com.vn/kien-thuc-tiem-chung/tieu-chay,text/html; charset=utf-8,400576,0.23,"Tiêu chảy: Nguyên nhân, triệu chứng, chẩn đoán và điều trị",
tienphong.vn,https://tienphong.vn/keo-dai-thoi-gian-tam-ngung-hieu-luc-nghi-dinh-46-va-nghi-quyet-6613-ve-an-toan-thuc-pham-post1830004.tpo,200,https://tienphong.vn/keo-dai-thoi-gian-tam-ngung-hieu-luc-nghi-dinh-46-va-nghi-quyet-6613-ve-an-toan,text/html;charset=utf-8,130176,0.18,Kéo dài thời gian tạm ngưng hiệu lực Nghị định 46 và Nghị qu,
tienphong.vn,https://tienphong.vn/me-con-thai-phu-lam-nguy-vi-benh-nguy-hiem-de-nham-voi-thai-nghen-post1815010.tpo,200,https://tienphong.vn/me-con-thai-phu-lam-nguy-vi-benh-nguy-hiem-de-nham-voi-thai-nghen-post1815010.t,text/html;charset=utf-8,130177,0.18,Mẹ con thai phụ lâm nguy vì bệnh nguy hiểm dễ nhầm với thai ,
tienphong.vn,https://tienphong.vn/nam-thanh-nien-nguy-kich-sau-3-ngay-an-tiet-canh-post1757028.tpo,200,https://tienphong.vn/nam-thanh-nien-nguy-kich-sau-3-ngay-an-tiet-canh-post1757028.tpo,text/html;charset=utf-8,122930,0.16,Nam thanh niên nguy kịch sau 3 ngày ăn tiết canh,
tnb.39.net,http://tnb.39.net/a/100719/1396899.html,200,https://image.39.net/verify.html?referer=https://tnb.39.net/a/100719/1396899.html,text/html,2287,1.5,39健康,
tnb.39.net,http://tnb.39.net/a/230822/h2ca3fq.html,200,https://image.39.net/verify.html?referer=https://tnb.39.net/a/230822/h2ca3fq.html,text/html,2287,1.67,39健康,
tnb.39.net,http://tnb.39.net/a/231008/x8hhb0s.html,200,https://image.39.net/verify.html?referer=https://tnb.39.net/a/231008/x8hhb0s.html,text/html,2287,1.44,39健康,
tuoitre.vn,https://tuoitre.vn/dot-than-cui-suoi-am-khi-ngu-hai-chi-em-bi-ngo-doc-nguy-kich-20251120153816928.htm,200,https://tuoitre.vn/dot-than-cui-suoi-am-khi-ngu-hai-chi-em-bi-ngo-doc-nguy-kich-20251120153816928.ht,text/html; charset=utf-8,478830,0.56,"Đốt than củi sưởi ấm khi ngủ, hai chị em bị ngộ độc nguy kịc",
tuoitre.vn,https://tuoitre.vn/se-dua-them-81-thuoc-moi-dieu-tri-ung-thu-tieu-duong-vao-danh-muc-bao-hiem-y-te-chi-tra-2025111915594069.htm,200,https://tuoitre.vn/se-dua-them-81-thuoc-moi-dieu-tri-ung-thu-tieu-duong-vao-danh-muc-bao-hiem-y-te-c,text/html; charset=utf-8,482508,0.03,"Sẽ đưa thêm 81 thuốc mới điều trị ung thư, tiểu đường... vào",
tuoitre.vn,https://tuoitre.vn/tai-sao-gian-tinh-mach-tinh-thuong-o-ben-trai-20250924205632765.htm,200,https://tuoitre.vn/tai-sao-gian-tinh-mach-tinh-thuong-o-ben-trai-20250924205632765.htm,text/html; charset=utf-8,481448,0.03,Tại sao giãn tĩnh mạch tinh thường ở bên trái? - Tuổi Trẻ On,
v.familydoctor.com.cn,https://v.familydoctor.com.cn/a/201507/793090.html,200,https://v.familydoctor.com.cn/a/201507/793090.html,text/html,31295,20.15,高血压患者如何低盐低脂饮食 - 家庭医生在线视频频道,
v.familydoctor.com.cn,https://v.familydoctor.com.cn/a/201711/2432481.html,200,https://v.familydoctor.com.cn/a/201711/2432481.html,text/html,38250,1.1,什么是放射性粒子植入治疗技术？ - 家庭医生在线视频频道,
v.familydoctor.com.cn,https://v.familydoctor.com.cn/a/201805/2481078.html,200,https://v.familydoctor.com.cn/a/201805/2481078.html,text/html,30373,1.14,肝吸虫病危害不亚于乙肝 如何早期发现肝吸虫病 - 家庭医生在线视频频道,
vietnamnet.vn,https://vietnamnet.vn/nguoi-dan-ong-phau-thuat-gap-lay-manh-xuong-lac-vao-gan-2437997.html,200,https://vietnamnet.vn/nguoi-dan-ong-phau-thuat-gap-lay-manh-xuong-lac-vao-gan-2437997.html,text/html; charset=UTF-8,137332,0.13,Người đàn ông phẫu thuật gấp lấy mảnh xương lạc vào gan,
vietnamnet.vn,https://vietnamnet.vn/vinmec-khai-truong-phong-kham-da-khoa-quoc-te-hien-dai-tai-vinhomes-grand-park-2418607.html,200,https://vietnamnet.vn/vinmec-khai-truong-phong-kham-da-khoa-quoc-te-hien-dai-tai-vinhomes-grand-park,text/html; charset=UTF-8,135170,0.13,Vinmec khai trương phòng khám đa khoa quốc tế hiện đại tại V,
vietnamnet.vn,https://vietnamnet.vn/vu-bac-si-bi-hanh-hung-vi-pham-nghiem-trong-den-quyen-cua-nguoi-hanh-nghe-2044210.html,200,https://vietnamnet.vn/vu-bac-si-bi-hanh-hung-vi-pham-nghiem-trong-den-quyen-cua-nguoi-hanh-nghe-2044,text/html; charset=UTF-8,138628,0.2,Vụ bác sĩ bị hành hung: 'vi phạm nghiêm trọng đến quyền của ,
vnexpress.net,https://vnexpress.net/nhieu-gia-dinh-tiem-vaccine-phong-cum-khi-con-di-hoc-4943878.html,200,https://vnexpress.net/nhieu-gia-dinh-tiem-vaccine-phong-cum-khi-con-di-hoc-4943878.html,text/html; charset=UTF-8,291255,0.17,Nhiều gia đình tiêm vaccine phòng cúm khi con đi học - Báo V,
vnexpress.net,https://vnexpress.net/sat-thu-tham-lang-tan-pha-doi-tai-gioi-tre-do-thi-5045778.html,200,https://vnexpress.net/sat-thu-tham-lang-tan-pha-doi-tai-gioi-tre-do-thi-5045778.html,text/html; charset=UTF-8,265655,0.2,'Sát thủ' thầm lặng tàn phá đôi tai giới trẻ đô thị - Báo Vn,
vnexpress.net,https://vnexpress.net/ung-dung-ai-vao-phuc-hoi-chuc-nang-sau-phau-thuat-cot-song-5050239.html,200,https://vnexpress.net/ung-dung-ai-vao-phuc-hoi-chuc-nang-sau-phau-thuat-cot-song-5050239.html,text/html; charset=UTF-8,269565,0.16,Ứng dụng AI vào phục hồi chức năng sau phẫu thuật cột sống -,
vov.vn,https://vov.vn/suc-khoe/dan-ong-can-tranh-nhung-thuc-pham-duoi-day-de-luon-sung-man-trong-chuyen-ay-post1054624.vov,403,https://vov.vn/suc-khoe/dan-ong-can-tranh-nhung-thuc-pham-duoi-day-de-luon-sung-man-trong-chuyen-ay-,text/html,6066,0.09,Embed Iframe,
vov.vn,https://vov.vn/suc-khoe/nguoi-dan-ong-nhap-vien-nguy-kich-sau-khi-bi-meo-can-post1050804.vov,403,https://vov.vn/suc-khoe/nguoi-dan-ong-nhap-vien-nguy-kich-sau-khi-bi-meo-can-post1050804.vov,text/html,6066,0.19,Embed Iframe,
vov.vn,https://vov.vn/suc-khoe/uong-nuoc-dau-den-co-tot-cho-gan-post1207109.vov,403,https://vov.vn/suc-khoe/uong-nuoc-dau-den-co-tot-cho-gan-post1207109.vov,text/html,6066,0.07,Embed Iframe,
vov2.vov.vn,https://vov2.vov.vn/suc-khoe/benh-nhan-lo-lang-bac-si-buon-40613.vov2,200,https://vov2.vov.vn/suc-khoe/benh-nhan-lo-lang-bac-si-buon-40613.vov2,text/html; charset=UTF-8,52720,0.24,"Bệnh nhân lo lắng, bác sĩ buồn | VOV2.VN",
vov2.vov.vn,https://vov2.vov.vn/suc-khoe/ha-noi-chinh-thuc-gian-cach-xa-hoi-den-ngay-238-28176.vov2,200,https://vov2.vov.vn/suc-khoe/ha-noi-chinh-thuc-gian-cach-xa-hoi-den-ngay-238-28176.vov2,text/html; charset=UTF-8,53437,1.47,Hà Nội chính thức giãn cách xã hội đến ngày 23/8 | VOV2.VN,
vov2.vov.vn,https://vov2.vov.vn/suc-khoe/viet-nam-nhan-them-hon-2-trieu-lieu-vaccine-astrazeneca-28946.vov2,200,https://vov2.vov.vn/suc-khoe/viet-nam-nhan-them-hon-2-trieu-lieu-vaccine-astrazeneca-28946.vov2,text/html; charset=UTF-8,46844,1.03,Việt Nam nhận thêm hơn 2 triệu liều vaccine AstraZeneca  | V,
wei.39.net,http://wei.39.net/a/201121/1605830.html,200,https://image.39.net/verify.html?referer=https://wei.39.net/a/201121/1605830.html,text/html,2287,1.52,39健康,
wei.39.net,http://wei.39.net/a/2011415/1659111.html,200,https://image.39.net/verify.html?referer=https://wei.39.net/a/2011415/1659111.html,text/html,2287,1.52,39健康,
wei.39.net,http://wei.39.net/a/210707/9152448.html,200,https://image.39.net/verify.html?referer=https://wei.39.net/a/210707/9152448.html,text/html,2287,2.28,39健康,
woman.39.net,http://woman.39.net/a/130805/4231092.html,200,https://image.39.net/verify.html?referer=https://woman.39.net/a/130805/4231092.html,text/html,2287,1.66,39健康,
woman.39.net,http://woman.39.net/a/140503/4381455.html,200,https://image.39.net/verify.html?referer=https://woman.39.net/a/140503/4381455.html,text/html,2287,1.83,39健康,
woman.39.net,http://woman.39.net/a/141112/4515128.html,200,https://image.39.net/verify.html?referer=https://woman.39.net/a/141112/4515128.html,text/html,2287,1.73,39健康,
www.120ask.com,http://www.120ask.com/question/604373.htm,200,https://www.120ask.com/question/604373.htm,text/html; charset=UTF-8,68281,1.74,脚背部的筋疙瘩如何消除？_有问必答_快速问医生,
www.120ask.com,https://www.120ask.com/question/7158679.htm,200,https://www.120ask.com/question/7158679.htm,text/html; charset=UTF-8,58647,1.0,没有缺钙.能不能再吃黄芪和玉屏.._有问必答_快速问医生,
www.120ask.com,https://www.120ask.com/question/77384548.htm,200,https://www.120ask.com/question/77384548.htm,text/html; charset=UTF-8,66326,1.63,生化妊娠了，血很少，7天还没有干净_有问必答_快速问医生,
www.a-hospital.com,https://www.a-hospital.com/w/%E4%BB%96%E5%B8%83%E6%AF%94%E5%A6%A5%E7%89%87,200,https://www.a-hospital.com/w/%E4%BB%96%E5%B8%83%E6%AF%94%E5%A6%A5%E7%89%87,text/html; charset=utf-8,72843,0.4,他布比妥片_他布比妥片说明书_他布比妥片的作用_他布比妥片副作用_他布比妥片是什么_A+医学百科,
www.a-hospital.com,https://www.a-hospital.com/w/%E5%B0%8F%E5%8D%8A%E5%A4%8F%E6%95%A3,200,https://www.a-hospital.com/w/%E5%B0%8F%E5%8D%8A%E5%A4%8F%E6%95%A3,text/html; charset=utf-8,54404,0.4,小半夏散_小半夏散的作用_小半夏散说明书_小半夏散的功效_中药小半夏散配方_A+医学百科,
www.a-hospital.com,https://www.a-hospital.com/w/%E7%9B%90%E9%85%B8%E8%8A%AC%E6%B0%9F%E6%8B%89%E6%98%8E,200,https://www.a-hospital.com/w/%E7%9B%90%E9%85%B8%E8%8A%AC%E6%B0%9F%E6%8B%89%E6%98%8E,text/html; charset=utf-8,68223,0.37,盐酸芬氟拉明_盐酸芬氟拉明说明书_盐酸芬氟拉明的作用_盐酸芬氟拉明副作用_盐酸芬氟拉明是什么_A+医学百科,
www.baidu.com,https://www.baidu.com/bh/dict/ydxx_10816537874345182689?from=dicta&sf_ref=med_pc&sf_ch=ch_med_pc,200,https://www.baidu.com/bh/dict/ydxx_10816537874345182689?from=dicta&sf_ref=med_pc&sf_ch=ch_med_pc,text/html;charset=utf-8,288176,0.46,河豚毒素中毒,
www.baidu.com,https://www.baidu.com/bh/dict/ydxx_8146963559442271418?from=dicta&sf_ref=med_pc&sf_ch=ch_med_pc,200,https://www.baidu.com/bh/dict/ydxx_8146963559442271418?from=dicta&sf_ref=med_pc&sf_ch=ch_med_pc,text/html;charset=utf-8,361357,0.92,低钾血症,
www.baidu.com,https://www.baidu.com/bh/dict/ydxx_8459054265661573918?from=dicta&sf_ref=med_pc&sf_ch=ch_med_pc,200,https://www.baidu.com/bh/dict/ydxx_8459054265661573918?from=dicta&sf_ref=med_pc&sf_ch=ch_med_pc,text/html;charset=utf-8,409884,0.86,脊柱侧凸,
www.cnkang.com,http://www.cnkang.com/dise/184/1109433.html,200,https://www.cnkang.com/dise/184/1109433.html,text/html; charset=UTF-8,55523,2.46,白血病的治疗费用贵不贵？_中华康网,
www.cnkang.com,https://www.cnkang.com/dise/121/667961.html,200,https://www.cnkang.com/dise/121/667961.html,text/html; charset=UTF-8,52907,2.28,剖析肺癌晚期如何治疗好_中华康网,
www.cnkang.com,https://www.cnkang.com/dise/50/26203.html,200,https://www.cnkang.com/dise/50/26203.html,text/html; charset=UTF-8,47421,1.69,心包炎有哪些症状表现？_中华康网,
www.familydoctor.cn,https://www.familydoctor.cn/a/201308/493539.html,200,https://www.familydoctor.cn/yyzx/a/201308/493539.html,text/html; charset=utf-8,43627,1.25,哺乳时间越长 孩子儿童期智商更高 - 科研动态 - 家医大健康,
www.familydoctor.cn,https://www.familydoctor.cn/a/201308/494799.html,200,https://www.familydoctor.cn/yyzx/a/201308/494799.html,text/html; charset=utf-8,42570,1.17,良好的卫生环境或有利于儿童长高 - 科研动态 - 家医大健康,
www.familydoctor.cn,https://www.familydoctor.cn/a/201508/803897.html,200,https://www.familydoctor.cn/yyzx/a/201508/803897.html,text/html; charset=utf-8,46325,1.12,男子40年前摸骨复位如今手变&ldquo;鸡爪&rdquo; 尺神经损伤如何诊断 - 健康热点 - 家医大健康,
www.familydoctor.com.cn,https://www.familydoctor.com.cn/baby/baby/201204/1089184101240.html,200,https://www.familydoctor.com.cn/baby/baby/201204/1089184101240.html,text/html,67668,0.81,宝宝患了佝偻病怎么办？宝宝患了佝偻病并非是缺钙 - 家庭医生在线儿科频道,
www.familydoctor.com.cn,https://www.familydoctor.com.cn/fuke/a/201512/898889.html,200,https://www.familydoctor.com.cn/fuke/a/201512/898889.html,text/html,66428,0.8,轻度宫颈糜烂的早期用药 宫颈糜烂的饮食禁忌要知道 - 家庭医生在线妇产频道,
www.familydoctor.com.cn,https://www.familydoctor.com.cn/pf/a/201705/1930742.html,200,https://www.familydoctor.com.cn/pf/a/201705/1930742.html,text/html,64478,0.28,脚气病患者在治疗时容易犯什么错误 - 家庭医生在线皮肤科频道,
www.msdmanuals.cn,https://www.msdmanuals.cn/home/eye-disorders/eye-socket-disorders/orbital-cellulitis,200,https://www.msdmanuals.cn/home/eye-disorders/eye-socket-disorders/orbital-cellulitis,text/html; charset=utf-8,206769,0.43,眶蜂窝织炎 - 眼疾 - 《默沙东诊疗手册大众版》,
www.msdmanuals.cn,https://www.msdmanuals.cn/home/skin-disorders/noncancerous-skin-growths/pyogenic-granulomas,200,https://www.msdmanuals.cn/home/skin-disorders/noncancerous-skin-growths/pyogenic-granulomas,text/html; charset=utf-8,163505,0.45,化脓性肉芽肿 - 皮肤病 - 《默沙东诊疗手册大众版》,
www.msdmanuals.cn,https://www.msdmanuals.cn/professional/hepatic-and-biliary-disorders/hepatitis/overview-of-acute-viral-hepatitis,200,https://www.msdmanuals.cn/professional/hepatic-and-biliary-disorders/hepatitis/overview-of-acute-vir,text/html; charset=utf-8,372314,0.47,急性病毒性肝炎的概述 - 肝病学 - MSD诊疗手册专业版,
www.pharmacity.vn,https://www.pharmacity.vn/hoi-chung-down-di-truyen.htm,200,https://www.pharmacity.vn/hoi-chung-down-di-truyen.htm,text/html; charset=utf-8,712979,0.35,Hội chứng Down có di truyền không?,
www.pharmacity.vn,https://www.pharmacity.vn/kham-pha-loi-ich-tuyet-voi-cua-chao-ngu-coc-doi-voi-suc-khoe-gia-dinh.htm,200,https://www.pharmacity.vn/kham-pha-loi-ich-tuyet-voi-cua-chao-ngu-coc-doi-voi-suc-khoe-gia-dinh.htm,text/html; charset=utf-8,806757,0.32,Khám phá lợi ích tuyệt vời của cháo ngũ cốc đối với sức khỏe,
www.pharmacity.vn,https://www.pharmacity.vn/ung-thu-co-tu-cung-nguyen-nhan-trieu-chung-va-cac-giai-doan.htm,200,https://www.pharmacity.vn/ung-thu-co-tu-cung-nguyen-nhan-trieu-chung-va-cac-giai-doan.htm,text/html; charset=utf-8,762929,0.35,"Ung thư cổ tử cung: nguyên nhân, triệu chứng và các giai đoạ",
www.qdnd.vn,https://www.qdnd.vn/y-te/benh-vien/benh-vien-quan-y-268-kham-cap-thuoc-mien-phi-tai-vung-bien-gioi-thua-thien-hue-763533,-1,,,0,0.75,,"TooManyRedirects: 0, message='', url='https://www.qdnd.vn/y-te/benh-vien/benh-vien-quan-y-268-kham-cap-thuoc-mien-phi-ta"
www.qdnd.vn,https://www.qdnd.vn/y-te/suc-khoe-tu-van/can-thiep-hep-cau-noi-avf-cho-benh-nhan-suy-than-823513,-1,,,0,0.8,,"TooManyRedirects: 0, message='', url='https://www.qdnd.vn/y-te/suc-khoe-tu-van/can-thiep-hep-cau-noi-avf-cho-benh-nhan-s"
www.qdnd.vn,https://www.qdnd.vn/y-te/tin-tuc/benh-nhan-dai-thao-duong-can-co-che-do-an-uong-hop-ly-trong-dip-tet-717194,-1,,,0,0.76,,"TooManyRedirects: 0, message='', url='https://www.qdnd.vn/y-te/tin-tuc/benh-nhan-dai-thao-duong-can-co-che-do-an-uong-ho"
www.sggp.org.vn,https://www.sggp.org.vn/con-dao-lan-dau-tien-thuc-hien-phau-thuat-noi-soi-cho-benh-nhan-post811892.html,200,https://www.sggp.org.vn/con-dao-lan-dau-tien-thuc-hien-phau-thuat-noi-soi-cho-benh-nhan-post811892.h,text/html;charset=utf-8,75341,0.11,Côn Đảo: Lần đầu tiên thực hiện phẫu thuật nội soi cho bệnh ,
www.sggp.org.vn,https://www.sggp.org.vn/nguoi-cao-tuoi-chiu-anh-huong-nang-ne-khi-mac-cum-post821958.html,200,https://www.sggp.org.vn/nguoi-cao-tuoi-chiu-anh-huong-nang-ne-khi-mac-cum-post821958.html,text/html;charset=utf-8,77995,0.1,Người cao tuổi chịu ảnh hưởng nặng nề khi mắc cúm | BÁO SÀI,
www.sggp.org.vn,https://www.sggp.org.vn/phan-dau-dua-benh-vien-ung-buou-tphcm-tro-thanh-trung-tam-tam-soat-ung-thu-hang-dau-cua-viet-nam-va-khu-vuc-post795402.html,200,https://www.sggp.org.vn/phan-dau-dua-benh-vien-ung-buou-tphcm-tro-thanh-trung-tam-tam-soat-ung-thu-h,text/html;charset=utf-8,84007,0.1,Phấn đấu đưa Bệnh viện Ung bướu TPHCM trở thành trung tâm tầ,
www.vietnamplus.vn,https://www.vietnamplus.vn/fda-my-khuyen-nghi-vaccine-the-he-moi-phong-covid-19-nen-nham-vao-bien-the-jn1-post958029.vnp,200,https://www.vietnamplus.vn/fda-my-khuyen-nghi-vaccine-the-he-moi-phong-covid-19-nen-nham-vao-bien-th,text/html;charset=utf-8,154452,0.1,FDA Mỹ khuyến nghị vaccine thế hệ mới phòng COVID-19 nên nhằ,
www.vietnamplus.vn,https://www.vietnamplus.vn/khoa-hoc-chung-minh-tap-the-duc-thuc-su-co-the-dao-nguoc-tuoi-sinh-hoc-cua-ban-post1058068.vnp,200,https://www.vietnamplus.vn/khoa-hoc-chung-minh-tap-the-duc-thuc-su-co-the-dao-nguoc-tuoi-sinh-hoc-cu,text/html;charset=utf-8,156718,0.13,Tập Thể Dục Giúp Đảo Ngược Tuổi Sinh Học Hiệu Quả,
www.vietnamplus.vn,https://www.vietnamplus.vn/phu-yen-ghi-nhan-them-18-truong-hop-duong-tinh-voi-sars-cov-2-post722808.vnp,200,https://www.vietnamplus.vn/phu-yen-ghi-nhan-them-18-truong-hop-duong-tinh-voi-sars-cov-2-post722808.,text/html;charset=utf-8,151104,0.09,Phú Yên ghi nhận thêm 18 trường hợp dương tính với SARS-CoV-,
www.vinmec.com,https://www.vinmec.com/vie/bai-viet/noi-soi-phe-quan-qua-ong-noi-khi-quan-vi,200,https://www.vinmec.com/vie/bai-viet/noi-soi-phe-quan-qua-ong-noi-khi-quan-vi,text/html; charset=UTF-8,220050,0.16,Nội soi phế quản qua ống nội khí quản | Vinmec,
www.vinmec.com,https://www.vinmec.com/vie/bai-viet/tieu-nhieu-lan-trong-ngay-kem-tuc-vung-bung-duoi-ron-co-phai-mac-van-de-ve-bang-quang-va-duong-tiet-nieu-vi,200,https://www.vinmec.com/vie/bai-viet/tieu-nhieu-lan-trong-ngay-kem-tuc-vung-bung-duoi-ron-co-phai-mac,text/html; charset=UTF-8,204729,0.15,Tiểu nhiều lần trong ngày kèm tức vùng bụng dưới rốn có phải,
www.vinmec.com,https://www.vinmec.com/vie/bai-viet/viem-dai-trang-co-that-kham-o-dau-va-tieu-chi-lua-chon,200,https://www.vinmec.com/vie/bai-viet/viem-dai-trang-co-that-kham-o-dau-va-tieu-chi-lua-chon,text/html; charset=UTF-8,227054,0.14,Viêm đại tràng co thắt khám ở đâu và tiêu chí lựa chọn | Vin,
www.wujue.com,http://www.wujue.com/gjwx/fangji/201509/58161.html,200,http://www.wujue.com/gjwx/fangji/201509/58161.html,text/html,24131,4.26,ҽܰܶɢ_ҽ_ż_ҽ,
www.wujue.com,http://www.wujue.com/yxbk/baby/200704/22493.html,200,http://www.wujue.com/yxbk/baby/200704/22493.html,text/html,24151,1.75,Ϊѡ׶԰Ӧ_Ӥ_ҽѧٿ_ҽ,
www.wujue.com,http://www.wujue.com/zyzy/zycd/x/200704/27053.html,200,http://www.wujue.com/zyzy/zycd/x/200704/27053.html,text/html,20966,1.32,_ĸX_ҽҩ_ҽ,
www.youlai.cn,https://www.youlai.cn/yyk/article/396677.html,200,https://www.youlai.cn/yyk/article/396677.html,text/html;charset=utf-8,21892,0.36,情感障碍是什么-有来医生,
www.youlai.cn,https://www.youlai.cn/yyk/article/628726.html,200,https://www.youlai.cn/yyk/article/628726.html,text/html;charset=utf-8,22248,0.42,炎症刺激的假疣怎么治疗-有来医生,
www.youlai.cn,https://www.youlai.cn/yyk/article/681515.html,200,https://www.youlai.cn/yyk/article/681515.html,text/html;charset=utf-8,29865,0.4,不敢吃油腻食物？警惕胆囊息肉来敲门！-有来医生,
www.zydcd.com,http://www.zydcd.com/zhongyi/zy27520sq/,200,http://www.zydcd.com/zhongyi/zy27520sq/,text/html; charset=UTF-8,11120,0.3,二仙饮_中药方:二仙饮的功效与作用_二仙饮配方及主治介绍_中医大辞典,
www.zydcd.com,http://www.zydcd.com/zhongyi/zy34331ib/,200,http://www.zydcd.com/zhongyi/zy34331ib/,text/html; charset=UTF-8,10696,0.56,加味香砂六君汤_中药方:加味香砂六君汤的功效与作用_加味香砂六君汤配方及主治介绍_中医大辞典,
www.zydcd.com,http://www.zydcd.com/zhongyi/zy66459gi/,200,http://www.zydcd.com/zhongyi/zy66459gi/,text/html; charset=UTF-8,10946,0.38,饮酒发热_中医:饮酒发热_饮酒发热介绍及知识点_中医大辞典,
yanglao.familydoctor.com.cn,http://yanglao.familydoctor.com.cn/a/201601/930045.html,200,https://yanglao.familydoctor.com.cn/a/201601/930045.html,text/html,55168,1.6,长期打鼾警惕疾病作怪 严重者有猝死风险_家庭医生在线养老频道频道,
yanglao.familydoctor.com.cn,http://yanglao.familydoctor.com.cn/zt/scsjtfz.html,200,https://yanglao.familydoctor.com.cn/zt/scsjtfz.html,text/html,36761,15.46,ʹ ΰµһʹͥҽ,
youmed.vn,https://youmed.vn/tin-tuc/bagocit/,200,https://youmed.vn/tin-tuc/bagocit/,text/html; charset=UTF-8,283228,1.69,"Bagocit là thuốc gì? Công dụng, cách dùng và lưu ý khi dùng ",
youmed.vn,https://youmed.vn/tin-tuc/dau-cay-tra/,200,https://youmed.vn/tin-tuc/dau-cay-tra/,text/html; charset=UTF-8,277337,1.35,Dầu cây trà: Tác dụng trong mỹ phẩm như thế nào? - YouMed Ne,
youmed.vn,https://youmed.vn/tin-tuc/natures-bounty-melatonin/,200,https://youmed.vn/tin-tuc/natures-bounty-melatonin/,text/html; charset=UTF-8,283251,1.69,Viên uống Nature&#039;s Bounty Melatonin có tốt không? Lưu ý,
ypk.familydoctor.com.cn,https://ypk.familydoctor.com.cn/267067/,200,https://ypk.familydoctor.com.cn/267067/,text/html; charset=utf-8,117066,1.52,右旋糖酐口服溶液功效与作用-说明书-副作用-价格-怎么样-家庭医生在线,
zhongyibaodian.net,https://zhongyibaodian.net/a/14594.html,200,https://zhongyibaodian.net/a/14594.html,text/html; charset=utf-8,7934,2.18,假眼 _【中医宝典】,
zhongyibaodian.net,https://zhongyibaodian.net/a/22008.html,200,https://zhongyibaodian.net/a/22008.html,text/html; charset=utf-8,17379,9.88,分类:四平市医院 _【中医宝典】,
zhongyibaodian.net,https://zhongyibaodian.net/a/a-bn/48551.html,200,https://zhongyibaodian.net/a/a-bn/48551.html,text/html; charset=utf-8,19154,0.64,家庭诊疗/心身交互作用 _【中医宝典】,
zysjonline.com,https://zysjonline.com/books/tangtougejue/184358/,403,https://zysjonline.com/books/tangtougejue/184358/,text/html; charset=UTF-8,5845,0.2,Just a moment...,
zysjonline.com,https://zysjonline.com/books/yifangkao/121126/,403,https://zysjonline.com/books/yifangkao/121126/,text/html; charset=UTF-8,5772,0.27,Just a moment...,
zysjonline.com,https://zysjonline.com/formulas/huihunjian/,403,https://zysjonline.com/formulas/huihunjian/,text/html; charset=UTF-8,5806,0.11,Just a moment...,
