host,total,stored,dead,robots,queued_archive,no_source,queued_direct
article.iiyi.com,5641,706,0,0,5,4930,0
ask.39.net,337375,140313,78,0,0,0,196984
ask.familydoctor.com.cn,3,3,0,0,0,0,0
baby.39.net,27621,27618,0,0,0,0,3
bachmai.gov.vn,2783,2783,0,0,0,0,0
baidianfeng.familydoctor.com.cn,3798,3794,0,0,0,0,4
baoangiang.com.vn,10738,10738,0,0,0,0,0
baocantho.com.vn,12016,12016,0,0,0,0,0
baochinhphu.vn,2302,2301,1,0,0,0,0
baodanang.vn,14500,14500,0,0,0,0,0
baogialai.com.vn,3290,3287,3,0,0,0,0
baohaiphong.vn,16286,16286,0,0,0,0,0
baolangson.vn,1981,1981,0,0,0,0,0
baonghean.vn,15941,15941,0,0,0,0,0
baophutho.vn,1288,1288,0,0,0,0,0
baoquangninh.vn,2912,2911,1,0,0,0,0
baoquangtri.vn,5483,5483,0,0,0,0,0
baotayninh.vn,1198,1198,0,0,0,0,0
baothanhhoa.vn,782,782,0,0,0,0,0
baovinhlong.com.vn,5113,5113,0,0,0,0,0
benhviennhitrunguong.gov.vn,1200,1200,0,0,0,0,0
benhvienvietduc.org,425,425,0,0,0,0,0
bingli.iiyi.com,24990,12549,0,0,109,12332,0
byby.39.net,439,439,0,0,0,0,0
cancer.39.net,8415,8415,0,0,0,0,0
care.39.net,15134,15131,0,0,0,0,3
dantri.com.vn,2063,915,232,0,0,0,916
ek.39.net,3222,3222,0,0,0,0,0
fitness.39.net,12066,12065,0,0,0,0,1
fk.39.net,9812,9811,0,0,0,0,1
fk.99.com.cn,1,1,0,0,0,0,0
food.39.net,11024,11021,0,0,0,0,3
gan.39.net,5027,5027,0,0,0,0,0
gc.39.net,1746,1746,0,0,0,0,0
giadinhonline.vn,16729,16728,0,0,0,0,1
gk.39.net,2059,2059,0,0,0,0,0
hanoimoi.vn,1283,1283,0,0,0,0,0
health.people.com.cn,1348,1348,0,0,0,0,0
heart.39.net,5965,5963,0,0,0,0,2
hellobacsi.com,11747,11744,3,0,0,0,0
jb39.com,7306,7306,0,0,0,0,0
jbk.39.net,19142,19141,0,0,0,0,1
khoahocphothong.vn,8143,8143,0,0,0,0,0
laodong.vn,31282,23176,0,0,8106,0,0
man.39.net,5320,5320,0,0,0,0,0
medlatec.vn,24762,24710,52,0,0,0,0
mega.vietnamplus.vn,2,2,0,0,0,0,0
nhandan.vn,5225,5224,1,0,0,0,0
nhathuoclongchau.com.vn,79598,77182,0,0,91,2325,0
nk.39.net,6650,6649,0,0,0,0,1
pf.39.net,1538,1538,0,0,0,0,0
phunusuckhoe.giadinhonline.vn,27577,27577,0,0,0,0,0
phuyen.baodaklak.vn,6252,6252,0,0,0,0,0
pmc-ecm-healthblog.beta.pharmacity.io,5333,5320,0,0,13,0,0
qihuangzhishu.com,23637,23637,0,0,0,0,0
qy.familydoctor.com.cn,40,40,0,0,0,0,0
shen.39.net,3223,3221,0,0,0,0,2
sj.39.net,942,942,0,0,0,0,0
special.vietnamplus.vn,1,1,0,0,0,0,0
suckhoecongdongonline.vn,154503,154503,0,0,0,0,0
suckhoedoisong.vn,85823,85820,2,0,0,0,1
suckhoeviet.org.vn,5627,5626,1,0,0,0,0
tamanhhospital.vn,4261,4258,1,0,2,0,0
test.pmphai.com,15120,15120,0,0,0,0,0
thanhnien.vn,72111,72111,0,0,0,0,0
thaythuocvietnam.vn,2927,595,2230,0,0,0,102
tiemchunglongchau.com.vn,13281,13277,4,0,0,0,0
tienphong.vn,3021,3021,0,0,0,0,0
tnb.39.net,4178,4178,0,0,0,0,0
tuoitre.vn,3893,3893,0,0,0,0,0
v.familydoctor.com.cn,10,10,0,0,0,0,0
vietnamnet.vn,15543,15542,1,0,0,0,0
vnexpress.net,2055,2055,0,0,0,0,0
vov.vn,9784,9720,2,0,62,0,0
vov2.vov.vn,6899,6899,0,0,0,0,0
wei.39.net,3894,3891,0,0,0,0,3
woman.39.net,11687,11684,0,0,0,0,3
www.120ask.com,918479,918412,67,0,0,0,0
www.a-hospital.com,169339,169339,0,0,0,0,0
www.baidu.com,2631,682,0,1949,0,0,0
www.cnkang.com,963438,963295,143,0,0,0,0
www.familydoctor.cn,44,43,1,0,0,0,0
www.familydoctor.com.cn,447453,446789,8,0,0,0,656
www.msdmanuals.cn,6173,5541,632,0,0,0,0
www.pharmacity.vn,69,65,4,0,0,0,0
www.qdnd.vn,3700,3700,0,0,0,0,0
www.sggp.org.vn,1853,1853,0,0,0,0,0
www.vietnamplus.vn,3695,3695,0,0,0,0,0
www.vinmec.com,26129,26127,2,0,0,0,0
www.wujue.com,53341,53333,0,0,0,0,8
www.youlai.cn,46119,46021,98,0,0,0,0
www.zydcd.com,78680,75201,3477,0,0,0,2
yanglao.familydoctor.com.cn,2,2,0,0,0,0,0
youmed.vn,7189,1358,1,0,0,0,5830
ypk.familydoctor.com.cn,1,1,0,0,0,0,0
zhongyibaodian.net,146700,146700,0,0,0,0,0
zysjonline.com,243347,121542,0,0,25,121780,0
  zysjonline/articles,54436,4893,0,0,10,49533,0
  zysjonline/books,151835,80104,0,0,11,71720,0
  zysjonline/columns,982,455,0,0,0,527,0
  zysjonline/formulas,24851,24847,0,0,4,0,0
  zysjonline/herbs,11243,11243,0,0,0,0,0
